{
    "confidence_score": 0.9470973014831543,
    "ptm": 0.9408016800880432,
    "iptm": 0.9541358947753906,
    "ligand_iptm": 0.0,
    "protein_iptm": 0.9541358947753906,
    "complex_plddt": 0.9453376531600952,
    "complex_iplddt": 0.9557039141654968,
    "complex_pde": 0.359112024307251,
    "complex_ipde": 0.4690124988555908,
    "chains_ptm": {
        "0": 0.9925925731658936,
        "1": 0.9918834567070007,
        "2": 0.9386070966720581
    },
    "pair_chains_iptm": {
        "0": {
            "0": 0.9925925731658936,
            "1": 0.977056086063385,
            "2": 0.9529914259910583
        },
        "1": {
            "0": 0.975259006023407,
            "1": 0.9918834567070007,
            "2": 0.9565273523330688
        },
        "2": {
            "0": 0.8752219676971436,
            "1": 0.891957700252533,
            "2": 0.9386070966720581
        }
    }
}