{
    "confidence_score": 0.9511527419090271,
    "ptm": 0.9682374000549316,
    "iptm": 0.9566134214401245,
    "ligand_iptm": 0.0,
    "protein_iptm": 0.9566134214401245,
    "complex_plddt": 0.9497874975204468,
    "complex_iplddt": 0.9283545017242432,
    "complex_pde": 0.29338720440864563,
    "complex_ipde": 0.5386280417442322,
    "chains_ptm": {
        "0": 0.9925429821014404,
        "1": 0.9930059909820557,
        "2": 0.98032146692276
    },
    "pair_chains_iptm": {
        "0": {
            "0": 0.9925429821014404,
            "1": 0.97842937707901,
            "2": 0.9135151505470276
        },
        "1": {
            "0": 0.9771960973739624,
            "1": 0.9930059909820557,
            "2": 0.9164674878120422
        },
        "2": {
            "0": 0.9288858771324158,
            "1": 0.9340913891792297,
            "2": 0.98032146692276
        }
    }
}