{
    "confidence_score": 0.9472028613090515,
    "ptm": 0.9373639822006226,
    "iptm": 0.9506461024284363,
    "ligand_iptm": 0.0,
    "protein_iptm": 0.9506461024284363,
    "complex_plddt": 0.9463420510292053,
    "complex_iplddt": 0.9568907022476196,
    "complex_pde": 0.374582976102829,
    "complex_ipde": 0.49688461422920227,
    "chains_ptm": {
        "0": 0.9923372864723206,
        "1": 0.9914411902427673,
        "2": 0.9353319406509399
    },
    "pair_chains_iptm": {
        "0": {
            "0": 0.9923372864723206,
            "1": 0.9761093854904175,
            "2": 0.9493663907051086
        },
        "1": {
            "0": 0.9743213653564453,
            "1": 0.9914411902427673,
            "2": 0.9528251886367798
        },
        "2": {
            "0": 0.8681670427322388,
            "1": 0.8863363265991211,
            "2": 0.9353319406509399
        }
    }
}