{
    "confidence_score": 0.7954153418540955,
    "ptm": 0.5101405382156372,
    "iptm": 0.37644293904304504,
    "ligand_iptm": 0.0,
    "protein_iptm": 0.37644293904304504,
    "complex_plddt": 0.9001584649085999,
    "complex_iplddt": 0.8746275901794434,
    "complex_pde": 0.8447741270065308,
    "complex_ipde": 9.143446922302246,
    "chains_ptm": {
        "0": 0.986000120639801,
        "1": 0.990342378616333,
        "2": 0.7747036814689636
    },
    "pair_chains_iptm": {
        "0": {
            "0": 0.986000120639801,
            "1": 0.9492321610450745,
            "2": 0.1976383626461029
        },
        "1": {
            "0": 0.9507431387901306,
            "1": 0.990342378616333,
            "2": 0.1791326403617859
        },
        "2": {
            "0": 0.17242103815078735,
            "1": 0.1761924922466278,
            "2": 0.7747036814689636
        }
    }
}