{
    "confidence_score": 0.7587988972663879,
    "ptm": 0.6517474055290222,
    "iptm": 0.3324194550514221,
    "ligand_iptm": 0.0,
    "protein_iptm": 0.3324194550514221,
    "complex_plddt": 0.8653937578201294,
    "complex_iplddt": 0.850529134273529,
    "complex_pde": 0.847366213798523,
    "complex_ipde": 10.112211227416992,
    "chains_ptm": {
        "0": 0.9785433411598206,
        "1": 0.9846328496932983,
        "2": 0.8833149671554565
    },
    "pair_chains_iptm": {
        "0": {
            "0": 0.9785433411598206,
            "1": 0.9132887125015259,
            "2": 0.17577263712882996
        },
        "1": {
            "0": 0.9174037575721741,
            "1": 0.9846328496932983,
            "2": 0.17906339466571808
        },
        "2": {
            "0": 0.18890172243118286,
            "1": 0.19184260070323944,
            "2": 0.8833149671554565
        }
    }
}