{
    "confidence_score": 0.6690477132797241,
    "ptm": 0.7098548412322998,
    "iptm": 0.32926979660987854,
    "ligand_iptm": 0.0,
    "protein_iptm": 0.32926979660987854,
    "complex_plddt": 0.7539921402931213,
    "complex_iplddt": 0.7921486496925354,
    "complex_pde": 0.8043245077133179,
    "complex_ipde": 8.539079666137695,
    "chains_ptm": {
        "0": 0.9833398461341858,
        "1": 0.9845287799835205,
        "2": 0.9401031732559204
    },
    "pair_chains_iptm": {
        "0": {
            "0": 0.9833398461341858,
            "1": 0.9246475100517273,
            "2": 0.19981960952281952
        },
        "1": {
            "0": 0.9242537021636963,
            "1": 0.9845287799835205,
            "2": 0.20971675217151642
        },
        "2": {
            "0": 0.19199055433273315,
            "1": 0.20065635442733765,
            "2": 0.9401031732559204
        }
    }
}