{
    "confidence_score": 0.9257746934890747,
    "ptm": 0.8273006677627563,
    "iptm": 0.8401002287864685,
    "ligand_iptm": 0.0,
    "protein_iptm": 0.8401002287864685,
    "complex_plddt": 0.9471933245658875,
    "complex_iplddt": 0.949766993522644,
    "complex_pde": 0.3551866114139557,
    "complex_ipde": 1.3717273473739624,
    "chains_ptm": {
        "0": 0.9900885224342346,
        "1": 0.9912781119346619,
        "2": 0.8732467293739319
    },
    "pair_chains_iptm": {
        "0": {
            "0": 0.9900885224342346,
            "1": 0.9711374640464783,
            "2": 0.8292330503463745
        },
        "1": {
            "0": 0.9717302918434143,
            "1": 0.9912781119346619,
            "2": 0.8521860241889954
        },
        "2": {
            "0": 0.6643833518028259,
            "1": 0.6569541692733765,
            "2": 0.8732467293739319
        }
    }
}