{
    "confidence_score": 0.7548038959503174,
    "ptm": 0.6430196166038513,
    "iptm": 0.31848815083503723,
    "ligand_iptm": 0.0,
    "protein_iptm": 0.31848815083503723,
    "complex_plddt": 0.863882839679718,
    "complex_iplddt": 0.8601008057594299,
    "complex_pde": 0.8514721393585205,
    "complex_ipde": 10.461164474487305,
    "chains_ptm": {
        "0": 0.9847763180732727,
        "1": 0.988286018371582,
        "2": 0.882693350315094
    },
    "pair_chains_iptm": {
        "0": {
            "0": 0.9847763180732727,
            "1": 0.9291375875473022,
            "2": 0.1437014788389206
        },
        "1": {
            "0": 0.9302074313163757,
            "1": 0.988286018371582,
            "2": 0.1534445881843567
        },
        "2": {
            "0": 0.17035861313343048,
            "1": 0.17162485420703888,
            "2": 0.882693350315094
        }
    }
}