{
    "confidence_score": 0.9449902772903442,
    "ptm": 0.9647051095962524,
    "iptm": 0.9513177871704102,
    "ligand_iptm": 0.0,
    "protein_iptm": 0.9513177871704102,
    "complex_plddt": 0.9434083700180054,
    "complex_iplddt": 0.9236787557601929,
    "complex_pde": 0.3002660274505615,
    "complex_ipde": 0.6480215787887573,
    "chains_ptm": {
        "0": 0.9923072457313538,
        "1": 0.9932312965393066,
        "2": 0.9805238842964172
    },
    "pair_chains_iptm": {
        "0": {
            "0": 0.9923072457313538,
            "1": 0.9782674908638,
            "2": 0.8902547359466553
        },
        "1": {
            "0": 0.9768432378768921,
            "1": 0.9932312965393066,
            "2": 0.9014580845832825
        },
        "2": {
            "0": 0.9135845303535461,
            "1": 0.9229905605316162,
            "2": 0.9805238842964172
        }
    }
}