{
    "confidence_score": 0.941633403301239,
    "ptm": 0.9332618713378906,
    "iptm": 0.9440294504165649,
    "ligand_iptm": 0.0,
    "protein_iptm": 0.9440294504165649,
    "complex_plddt": 0.9410343766212463,
    "complex_iplddt": 0.954028308391571,
    "complex_pde": 0.38216903805732727,
    "complex_ipde": 0.52040696144104,
    "chains_ptm": {
        "0": 0.991689920425415,
        "1": 0.9904375672340393,
        "2": 0.9344568252563477
    },
    "pair_chains_iptm": {
        "0": {
            "0": 0.991689920425415,
            "1": 0.9734587073326111,
            "2": 0.942146897315979
        },
        "1": {
            "0": 0.9719407558441162,
            "1": 0.9904375672340393,
            "2": 0.9463242292404175
        },
        "2": {
            "0": 0.8597313165664673,
            "1": 0.8806324005126953,
            "2": 0.9344568252563477
        }
    }
}