{
    "confidence_score": 0.7036887407302856,
    "ptm": 0.7928457260131836,
    "iptm": 0.5156753063201904,
    "ligand_iptm": 0.0,
    "protein_iptm": 0.5156753063201904,
    "complex_plddt": 0.7506920695304871,
    "complex_iplddt": 0.7940160036087036,
    "complex_pde": 0.7132347226142883,
    "complex_ipde": 5.048166751861572,
    "chains_ptm": {
        "0": 0.9882850646972656,
        "1": 0.9884577393531799,
        "2": 0.9278485178947449
    },
    "pair_chains_iptm": {
        "0": {
            "0": 0.9882850646972656,
            "1": 0.948080837726593,
            "2": 0.5208332538604736
        },
        "1": {
            "0": 0.9493244290351868,
            "1": 0.9884577393531799,
            "2": 0.5108116269111633
        },
        "2": {
            "0": 0.4073947072029114,
            "1": 0.4097711741924286,
            "2": 0.9278485178947449
        }
    }
}