{
    "confidence_score": 0.8560463786125183,
    "ptm": 0.7168530821800232,
    "iptm": 0.6185587048530579,
    "ligand_iptm": 0.0,
    "protein_iptm": 0.6185587048530579,
    "complex_plddt": 0.915418267250061,
    "complex_iplddt": 0.8749576210975647,
    "complex_pde": 0.5766955018043518,
    "complex_ipde": 4.760140895843506,
    "chains_ptm": {
        "0": 0.9836497902870178,
        "1": 0.9902212619781494,
        "2": 0.7759608626365662
    },
    "pair_chains_iptm": {
        "0": {
            "0": 0.9836497902870178,
            "1": 0.9580869078636169,
            "2": 0.49319276213645935
        },
        "1": {
            "0": 0.9595507383346558,
            "1": 0.9902212619781494,
            "2": 0.47793012857437134
        },
        "2": {
            "0": 0.38011422753334045,
            "1": 0.3993905782699585,
            "2": 0.7759608626365662
        }
    }
}