{
    "confidence_score": 0.921910285949707,
    "ptm": 0.8795894384384155,
    "iptm": 0.9138028621673584,
    "ligand_iptm": 0.0,
    "protein_iptm": 0.9138028621673584,
    "complex_plddt": 0.923937201499939,
    "complex_iplddt": 0.895165205001831,
    "complex_pde": 0.3132205307483673,
    "complex_ipde": 0.8656584024429321,
    "chains_ptm": {
        "0": 0.9916096329689026,
        "1": 0.9937766194343567,
        "2": 0.8715921640396118
    },
    "pair_chains_iptm": {
        "0": {
            "0": 0.9916096329689026,
            "1": 0.9785156846046448,
            "2": 0.9235293865203857
        },
        "1": {
            "0": 0.9800204038619995,
            "1": 0.9937766194343567,
            "2": 0.9027916789054871
        },
        "2": {
            "0": 0.7460346817970276,
            "1": 0.7398641109466553,
            "2": 0.8715921640396118
        }
    }
}