{
    "confidence_score": 0.8786981701850891,
    "ptm": 0.870074987411499,
    "iptm": 0.8131029605865479,
    "ligand_iptm": 0.0,
    "protein_iptm": 0.8131029605865479,
    "complex_plddt": 0.8950969576835632,
    "complex_iplddt": 0.8852064609527588,
    "complex_pde": 0.545013427734375,
    "complex_ipde": 3.142578125,
    "chains_ptm": {
        "0": 0.9875451922416687,
        "1": 0.9900763630867004,
        "2": 0.9177560806274414
    },
    "pair_chains_iptm": {
        "0": {
            "0": 0.9875451922416687,
            "1": 0.9627837538719177,
            "2": 0.6539449691772461
        },
        "1": {
            "0": 0.9607675075531006,
            "1": 0.9900763630867004,
            "2": 0.67010498046875
        },
        "2": {
            "0": 0.6319794654846191,
            "1": 0.6545804738998413,
            "2": 0.9177560806274414
        }
    }
}