{
    "confidence_score": 0.8546700477600098,
    "ptm": 0.7307708859443665,
    "iptm": 0.6385359168052673,
    "ligand_iptm": 0.0,
    "protein_iptm": 0.6385359168052673,
    "complex_plddt": 0.908703625202179,
    "complex_iplddt": 0.8693667054176331,
    "complex_pde": 0.5605036020278931,
    "complex_ipde": 4.736837863922119,
    "chains_ptm": {
        "0": 0.9844303727149963,
        "1": 0.9903559684753418,
        "2": 0.8155544996261597
    },
    "pair_chains_iptm": {
        "0": {
            "0": 0.9844303727149963,
            "1": 0.9576617479324341,
            "2": 0.521199107170105
        },
        "1": {
            "0": 0.9596927165985107,
            "1": 0.9903559684753418,
            "2": 0.5072247385978699
        },
        "2": {
            "0": 0.42153599858283997,
            "1": 0.42343613505363464,
            "2": 0.8155544996261597
        }
    }
}