{
    "confidence_score": 0.8256410956382751,
    "ptm": 0.5877833366394043,
    "iptm": 0.48032745718955994,
    "ligand_iptm": 0.0,
    "protein_iptm": 0.48032745718955994,
    "complex_plddt": 0.9119694232940674,
    "complex_iplddt": 0.9136475324630737,
    "complex_pde": 0.7217940092086792,
    "complex_ipde": 6.9092631340026855,
    "chains_ptm": {
        "0": 0.986406683921814,
        "1": 0.989943265914917,
        "2": 0.8064342737197876
    },
    "pair_chains_iptm": {
        "0": {
            "0": 0.986406683921814,
            "1": 0.9548985958099365,
            "2": 0.3766530454158783
        },
        "1": {
            "0": 0.9546019434928894,
            "1": 0.989943265914917,
            "2": 0.3668028712272644
        },
        "2": {
            "0": 0.30897700786590576,
            "1": 0.3143986761569977,
            "2": 0.8064342737197876
        }
    }
}