{
    "confidence_score": 0.8953011631965637,
    "ptm": 0.8892012238502502,
    "iptm": 0.8390334844589233,
    "ligand_iptm": 0.0,
    "protein_iptm": 0.8390334844589233,
    "complex_plddt": 0.909368097782135,
    "complex_iplddt": 0.8664078712463379,
    "complex_pde": 0.4373796880245209,
    "complex_ipde": 1.7212944030761719,
    "chains_ptm": {
        "0": 0.9845709204673767,
        "1": 0.9804145693778992,
        "2": 0.974491536617279
    },
    "pair_chains_iptm": {
        "0": {
            "0": 0.9845709204673767,
            "1": 0.9589939713478088,
            "2": 0.6943941712379456
        },
        "1": {
            "0": 0.9552124738693237,
            "1": 0.9804145693778992,
            "2": 0.6770009994506836
        },
        "2": {
            "0": 0.7123669981956482,
            "1": 0.7030841112136841,
            "2": 0.974491536617279
        }
    }
}