{
    "confidence_score": 0.8566174507141113,
    "ptm": 0.6612172722816467,
    "iptm": 0.5502961874008179,
    "ligand_iptm": 0.0,
    "protein_iptm": 0.5502961874008179,
    "complex_plddt": 0.9331977963447571,
    "complex_iplddt": 0.9354472160339355,
    "complex_pde": 0.5453858971595764,
    "complex_ipde": 4.9059739112854,
    "chains_ptm": {
        "0": 0.9879400730133057,
        "1": 0.9891151785850525,
        "2": 0.8420137763023376
    },
    "pair_chains_iptm": {
        "0": {
            "0": 0.9879400730133057,
            "1": 0.9594191312789917,
            "2": 0.36815762519836426
        },
        "1": {
            "0": 0.9616480469703674,
            "1": 0.9891151785850525,
            "2": 0.3823409378528595
        },
        "2": {
            "0": 0.2943073511123657,
            "1": 0.30721142888069153,
            "2": 0.8420137763023376
        }
    }
}