{
    "confidence_score": 0.8926987648010254,
    "ptm": 0.8292335867881775,
    "iptm": 0.8040159940719604,
    "ligand_iptm": 0.0,
    "protein_iptm": 0.8040159940719604,
    "complex_plddt": 0.9148694276809692,
    "complex_iplddt": 0.8906227946281433,
    "complex_pde": 0.4021807610988617,
    "complex_ipde": 2.0727717876434326,
    "chains_ptm": {
        "0": 0.9886274933815002,
        "1": 0.9923732876777649,
        "2": 0.8255364298820496
    },
    "pair_chains_iptm": {
        "0": {
            "0": 0.9886274933815002,
            "1": 0.9703096151351929,
            "2": 0.8048054575920105
        },
        "1": {
            "0": 0.9722037315368652,
            "1": 0.9923732876777649,
            "2": 0.8031222820281982
        },
        "2": {
            "0": 0.6360278129577637,
            "1": 0.6423877477645874,
            "2": 0.8255364298820496
        }
    }
}