{
    "confidence_score": 0.9478780627250671,
    "ptm": 0.9445757865905762,
    "iptm": 0.9533696174621582,
    "ligand_iptm": 0.0,
    "protein_iptm": 0.9533696174621582,
    "complex_plddt": 0.9465051889419556,
    "complex_iplddt": 0.956912636756897,
    "complex_pde": 0.33866095542907715,
    "complex_ipde": 0.4852357506752014,
    "chains_ptm": {
        "0": 0.9928492307662964,
        "1": 0.9918265342712402,
        "2": 0.9480350017547607
    },
    "pair_chains_iptm": {
        "0": {
            "0": 0.9928492307662964,
            "1": 0.9766907095909119,
            "2": 0.9530530571937561
        },
        "1": {
            "0": 0.9744690656661987,
            "1": 0.9918265342712402,
            "2": 0.9537064433097839
        },
        "2": {
            "0": 0.8820105791091919,
            "1": 0.8977283239364624,
            "2": 0.9480350017547607
        }
    }
}