{
    "confidence_score": 0.9445838332176208,
    "ptm": 0.9392820596694946,
    "iptm": 0.9500918984413147,
    "ligand_iptm": 0.0,
    "protein_iptm": 0.9500918984413147,
    "complex_plddt": 0.9432067275047302,
    "complex_iplddt": 0.954247772693634,
    "complex_pde": 0.36689040064811707,
    "complex_ipde": 0.49312713742256165,
    "chains_ptm": {
        "0": 0.9924216270446777,
        "1": 0.9912314414978027,
        "2": 0.939018726348877
    },
    "pair_chains_iptm": {
        "0": {
            "0": 0.9924216270446777,
            "1": 0.9761328101158142,
            "2": 0.9492989182472229
        },
        "1": {
            "0": 0.9736663699150085,
            "1": 0.9912314414978027,
            "2": 0.9511089324951172
        },
        "2": {
            "0": 0.8715531229972839,
            "1": 0.889342188835144,
            "2": 0.939018726348877
        }
    }
}