{
    "confidence_score": 0.7728354334831238,
    "ptm": 0.6713045835494995,
    "iptm": 0.39411497116088867,
    "ligand_iptm": 0.0,
    "protein_iptm": 0.39411497116088867,
    "complex_plddt": 0.867515504360199,
    "complex_iplddt": 0.855469286441803,
    "complex_pde": 0.8262789249420166,
    "complex_ipde": 9.043878555297852,
    "chains_ptm": {
        "0": 0.9850044846534729,
        "1": 0.9886528253555298,
        "2": 0.8728185296058655
    },
    "pair_chains_iptm": {
        "0": {
            "0": 0.9850044846534729,
            "1": 0.93797767162323,
            "2": 0.26219886541366577
        },
        "1": {
            "0": 0.9344804286956787,
            "1": 0.9886528253555298,
            "2": 0.25868600606918335
        },
        "2": {
            "0": 0.2733632028102875,
            "1": 0.26475003361701965,
            "2": 0.8728185296058655
        }
    }
}