{
    "confidence_score": 0.9032419323921204,
    "ptm": 0.9053049683570862,
    "iptm": 0.8591794967651367,
    "ligand_iptm": 0.0,
    "protein_iptm": 0.8591794967651367,
    "complex_plddt": 0.9142575263977051,
    "complex_iplddt": 0.8720366954803467,
    "complex_pde": 0.4064352810382843,
    "complex_ipde": 1.5548120737075806,
    "chains_ptm": {
        "0": 0.9878682494163513,
        "1": 0.9842785000801086,
        "2": 0.9789963364601135
    },
    "pair_chains_iptm": {
        "0": {
            "0": 0.9878682494163513,
            "1": 0.9662267565727234,
            "2": 0.7431620359420776
        },
        "1": {
            "0": 0.9625266194343567,
            "1": 0.9842785000801086,
            "2": 0.7174354195594788
        },
        "2": {
            "0": 0.7521287798881531,
            "1": 0.7374829649925232,
            "2": 0.9789963364601135
        }
    }
}