{
    "confidence_score": 0.9071453213691711,
    "ptm": 0.8550347685813904,
    "iptm": 0.8672223091125488,
    "ligand_iptm": 0.0,
    "protein_iptm": 0.8672223091125488,
    "complex_plddt": 0.9171260595321655,
    "complex_iplddt": 0.8902627825737,
    "complex_pde": 0.351276695728302,
    "complex_ipde": 1.4065780639648438,
    "chains_ptm": {
        "0": 0.9906129837036133,
        "1": 0.9934496879577637,
        "2": 0.8413386940956116
    },
    "pair_chains_iptm": {
        "0": {
            "0": 0.9906129837036133,
            "1": 0.9757896065711975,
            "2": 0.8663806319236755
        },
        "1": {
            "0": 0.9759148955345154,
            "1": 0.9934496879577637,
            "2": 0.8681751489639282
        },
        "2": {
            "0": 0.6889117956161499,
            "1": 0.6935917139053345,
            "2": 0.8413386940956116
        }
    }
}