{
    "confidence_score": 0.8160770535469055,
    "ptm": 0.5671854019165039,
    "iptm": 0.46820107102394104,
    "ligand_iptm": 0.0,
    "protein_iptm": 0.46820107102394104,
    "complex_plddt": 0.9030460119247437,
    "complex_iplddt": 0.8929944038391113,
    "complex_pde": 0.7863595485687256,
    "complex_ipde": 7.412874221801758,
    "chains_ptm": {
        "0": 0.986396849155426,
        "1": 0.989819347858429,
        "2": 0.7587728500366211
    },
    "pair_chains_iptm": {
        "0": {
            "0": 0.986396849155426,
            "1": 0.9548226594924927,
            "2": 0.35036012530326843
        },
        "1": {
            "0": 0.9532520771026611,
            "1": 0.989819347858429,
            "2": 0.3446862995624542
        },
        "2": {
            "0": 0.2877267599105835,
            "1": 0.2984234690666199,
            "2": 0.7587728500366211
        }
    }
}