{
    "confidence_score": 0.9476333856582642,
    "ptm": 0.9392393231391907,
    "iptm": 0.949410617351532,
    "ligand_iptm": 0.0,
    "protein_iptm": 0.949410617351532,
    "complex_plddt": 0.9471890330314636,
    "complex_iplddt": 0.9559363126754761,
    "complex_pde": 0.35632193088531494,
    "complex_ipde": 0.5088599324226379,
    "chains_ptm": {
        "0": 0.992217481136322,
        "1": 0.9913203120231628,
        "2": 0.9395642876625061
    },
    "pair_chains_iptm": {
        "0": {
            "0": 0.992217481136322,
            "1": 0.9748800992965698,
            "2": 0.9480845332145691
        },
        "1": {
            "0": 0.9732581377029419,
            "1": 0.9913203120231628,
            "2": 0.9512525796890259
        },
        "2": {
            "0": 0.8693241477012634,
            "1": 0.8884743452072144,
            "2": 0.9395642876625061
        }
    }
}