{
    "confidence_score": 0.8211576342582703,
    "ptm": 0.5263980627059937,
    "iptm": 0.39277616143226624,
    "ligand_iptm": 0.0,
    "protein_iptm": 0.39277616143226624,
    "complex_plddt": 0.9282529950141907,
    "complex_iplddt": 0.9391800761222839,
    "complex_pde": 0.8034148812294006,
    "complex_ipde": 8.47870922088623,
    "chains_ptm": {
        "0": 0.9872286915779114,
        "1": 0.9907779693603516,
        "2": 0.7723335027694702
    },
    "pair_chains_iptm": {
        "0": {
            "0": 0.9872286915779114,
            "1": 0.9487255811691284,
            "2": 0.26445555686950684
        },
        "1": {
            "0": 0.9502758979797363,
            "1": 0.9907779693603516,
            "2": 0.24169841408729553
        },
        "2": {
            "0": 0.19804340600967407,
            "1": 0.196598082780838,
            "2": 0.7723335027694702
        }
    }
}