{
    "confidence_score": 0.8430909514427185,
    "ptm": 0.7522053122520447,
    "iptm": 0.6384233236312866,
    "ligand_iptm": 0.0,
    "protein_iptm": 0.6384233236312866,
    "complex_plddt": 0.8942578434944153,
    "complex_iplddt": 0.8667589426040649,
    "complex_pde": 0.8180443048477173,
    "complex_ipde": 5.8672285079956055,
    "chains_ptm": {
        "0": 0.9887117147445679,
        "1": 0.9901944398880005,
        "2": 0.8696439266204834
    },
    "pair_chains_iptm": {
        "0": {
            "0": 0.9887117147445679,
            "1": 0.9652698040008545,
            "2": 0.3819015622138977
        },
        "1": {
            "0": 0.9647753834724426,
            "1": 0.9901944398880005,
            "2": 0.3757161498069763
        },
        "2": {
            "0": 0.2872256934642792,
            "1": 0.2937735319137573,
            "2": 0.8696439266204834
        }
    }
}