{
    "confidence_score": 0.883552074432373,
    "ptm": 0.8551506996154785,
    "iptm": 0.7895879745483398,
    "ligand_iptm": 0.0,
    "protein_iptm": 0.7895879745483398,
    "complex_plddt": 0.9070430994033813,
    "complex_iplddt": 0.8815221190452576,
    "complex_pde": 0.5812262296676636,
    "complex_ipde": 3.4120240211486816,
    "chains_ptm": {
        "0": 0.9905405044555664,
        "1": 0.9925998449325562,
        "2": 0.9128344655036926
    },
    "pair_chains_iptm": {
        "0": {
            "0": 0.9905405044555664,
            "1": 0.9737562537193298,
            "2": 0.6903836131095886
        },
        "1": {
            "0": 0.9716728925704956,
            "1": 0.9925998449325562,
            "2": 0.6897741556167603
        },
        "2": {
            "0": 0.5808764696121216,
            "1": 0.5939092040061951,
            "2": 0.9128344655036926
        }
    }
}