{
    "confidence_score": 0.799412727355957,
    "ptm": 0.7476858496665955,
    "iptm": 0.5498659610748291,
    "ligand_iptm": 0.0,
    "protein_iptm": 0.5498659610748291,
    "complex_plddt": 0.861799418926239,
    "complex_iplddt": 0.8386356234550476,
    "complex_pde": 0.6539950370788574,
    "complex_ipde": 6.0191216468811035,
    "chains_ptm": {
        "0": 0.9870630502700806,
        "1": 0.990867555141449,
        "2": 0.8965324759483337
    },
    "pair_chains_iptm": {
        "0": {
            "0": 0.9870630502700806,
            "1": 0.9519814252853394,
            "2": 0.5305617451667786
        },
        "1": {
            "0": 0.9538565278053284,
            "1": 0.990867555141449,
            "2": 0.5397064089775085
        },
        "2": {
            "0": 0.42724817991256714,
            "1": 0.453072726726532,
            "2": 0.8965324759483337
        }
    }
}