{
    "confidence_score": 0.7546966671943665,
    "ptm": 0.6351639628410339,
    "iptm": 0.31384631991386414,
    "ligand_iptm": 0.0,
    "protein_iptm": 0.31384631991386414,
    "complex_plddt": 0.8649092316627502,
    "complex_iplddt": 0.8261425495147705,
    "complex_pde": 0.8102978467941284,
    "complex_ipde": 9.69304084777832,
    "chains_ptm": {
        "0": 0.9854088425636292,
        "1": 0.9888007640838623,
        "2": 0.8784902691841125
    },
    "pair_chains_iptm": {
        "0": {
            "0": 0.9854088425636292,
            "1": 0.9353646636009216,
            "2": 0.1328330785036087
        },
        "1": {
            "0": 0.9353476166725159,
            "1": 0.9888007640838623,
            "2": 0.13530060648918152
        },
        "2": {
            "0": 0.15659381449222565,
            "1": 0.1620153933763504,
            "2": 0.8784902691841125
        }
    }
}