{
    "confidence_score": 0.8783542513847351,
    "ptm": 0.7731245160102844,
    "iptm": 0.6945188641548157,
    "ligand_iptm": 0.0,
    "protein_iptm": 0.6945188641548157,
    "complex_plddt": 0.9243131279945374,
    "complex_iplddt": 0.8961737751960754,
    "complex_pde": 0.48305562138557434,
    "complex_ipde": 3.4937515258789062,
    "chains_ptm": {
        "0": 0.9873594045639038,
        "1": 0.9915095567703247,
        "2": 0.8312590718269348
    },
    "pair_chains_iptm": {
        "0": {
            "0": 0.9873594045639038,
            "1": 0.966309666633606,
            "2": 0.645568311214447
        },
        "1": {
            "0": 0.966745913028717,
            "1": 0.9915095567703247,
            "2": 0.633605420589447
        },
        "2": {
            "0": 0.5039522647857666,
            "1": 0.5120904445648193,
            "2": 0.8312590718269348
        }
    }
}