{
    "confidence_score": 0.6584287881851196,
    "ptm": 0.6733935475349426,
    "iptm": 0.3505445718765259,
    "ligand_iptm": 0.0,
    "protein_iptm": 0.3505445718765259,
    "complex_plddt": 0.7353998422622681,
    "complex_iplddt": 0.7735440135002136,
    "complex_pde": 1.1146291494369507,
    "complex_ipde": 8.162557601928711,
    "chains_ptm": {
        "0": 0.9853363633155823,
        "1": 0.9851266145706177,
        "2": 0.8600266575813293
    },
    "pair_chains_iptm": {
        "0": {
            "0": 0.9853363633155823,
            "1": 0.9281440377235413,
            "2": 0.2623719871044159
        },
        "1": {
            "0": 0.9261406660079956,
            "1": 0.9851266145706177,
            "2": 0.2587882876396179
        },
        "2": {
            "0": 0.2247093915939331,
            "1": 0.22416839003562927,
            "2": 0.8600266575813293
        }
    }
}