{
    "confidence_score": 0.9452022910118103,
    "ptm": 0.9325491189956665,
    "iptm": 0.9453306794166565,
    "ligand_iptm": 0.0,
    "protein_iptm": 0.9453306794166565,
    "complex_plddt": 0.9451701641082764,
    "complex_iplddt": 0.9561539888381958,
    "complex_pde": 0.38283586502075195,
    "complex_ipde": 0.5341687202453613,
    "chains_ptm": {
        "0": 0.9917519688606262,
        "1": 0.990400493144989,
        "2": 0.9299309253692627
    },
    "pair_chains_iptm": {
        "0": {
            "0": 0.9917519688606262,
            "1": 0.9737431406974792,
            "2": 0.9443561434745789
        },
        "1": {
            "0": 0.9721387028694153,
            "1": 0.990400493144989,
            "2": 0.9468898177146912
        },
        "2": {
            "0": 0.8599085211753845,
            "1": 0.8768829703330994,
            "2": 0.9299309253692627
        }
    }
}