{
    "confidence_score": 0.9290217757225037,
    "ptm": 0.909233570098877,
    "iptm": 0.8693208694458008,
    "ligand_iptm": 0.0,
    "protein_iptm": 0.8693208694458008,
    "complex_plddt": 0.9439469575881958,
    "complex_iplddt": 0.9228362441062927,
    "complex_pde": 0.4147464334964752,
    "complex_ipde": 1.4998852014541626,
    "chains_ptm": {
        "0": 0.9858233332633972,
        "1": 0.9809310436248779,
        "2": 0.9750441312789917
    },
    "pair_chains_iptm": {
        "0": {
            "0": 0.9858233332633972,
            "1": 0.9621655344963074,
            "2": 0.7522588968276978
        },
        "1": {
            "0": 0.9568512439727783,
            "1": 0.9809310436248779,
            "2": 0.7098037004470825
        },
        "2": {
            "0": 0.7741416692733765,
            "1": 0.7624619007110596,
            "2": 0.9750441312789917
        }
    }
}