{
    "confidence_score": 0.8936705589294434,
    "ptm": 0.759303092956543,
    "iptm": 0.6843740344047546,
    "ligand_iptm": 0.0,
    "protein_iptm": 0.6843740344047546,
    "complex_plddt": 0.9459947347640991,
    "complex_iplddt": 0.9451397061347961,
    "complex_pde": 0.44138386845588684,
    "complex_ipde": 2.460806131362915,
    "chains_ptm": {
        "0": 0.9879253506660461,
        "1": 0.9889529347419739,
        "2": 0.8337605595588684
    },
    "pair_chains_iptm": {
        "0": {
            "0": 0.9879253506660461,
            "1": 0.9632158279418945,
            "2": 0.6741188764572144
        },
        "1": {
            "0": 0.9641571640968323,
            "1": 0.9889529347419739,
            "2": 0.6957793235778809
        },
        "2": {
            "0": 0.5226917862892151,
            "1": 0.5159770250320435,
            "2": 0.8337605595588684
        }
    }
}