{
    "confidence_score": 0.9405596852302551,
    "ptm": 0.9371494054794312,
    "iptm": 0.9486756324768066,
    "ligand_iptm": 0.0,
    "protein_iptm": 0.9486756324768066,
    "complex_plddt": 0.938530683517456,
    "complex_iplddt": 0.9525484442710876,
    "complex_pde": 0.3785700500011444,
    "complex_ipde": 0.5005007386207581,
    "chains_ptm": {
        "0": 0.9922661781311035,
        "1": 0.9911209940910339,
        "2": 0.9358141422271729
    },
    "pair_chains_iptm": {
        "0": {
            "0": 0.9922661781311035,
            "1": 0.9756439924240112,
            "2": 0.947001576423645
        },
        "1": {
            "0": 0.9746386408805847,
            "1": 0.9911209940910339,
            "2": 0.9505979418754578
        },
        "2": {
            "0": 0.8659312725067139,
            "1": 0.8860704302787781,
            "2": 0.9358141422271729
        }
    }
}