{
    "confidence_score": 0.9396209120750427,
    "ptm": 0.9327385425567627,
    "iptm": 0.9397565126419067,
    "ligand_iptm": 0.0,
    "protein_iptm": 0.9397565126419067,
    "complex_plddt": 0.9395869970321655,
    "complex_iplddt": 0.9530671238899231,
    "complex_pde": 0.3804543614387512,
    "complex_ipde": 0.5536491274833679,
    "chains_ptm": {
        "0": 0.9912591576576233,
        "1": 0.9902515411376953,
        "2": 0.937025785446167
    },
    "pair_chains_iptm": {
        "0": {
            "0": 0.9912591576576233,
            "1": 0.972931444644928,
            "2": 0.9375141263008118
        },
        "1": {
            "0": 0.9714808464050293,
            "1": 0.9902515411376953,
            "2": 0.9425320625305176
        },
        "2": {
            "0": 0.8558608889579773,
            "1": 0.878693163394928,
            "2": 0.937025785446167
        }
    }
}