{
    "confidence_score": 0.9266325235366821,
    "ptm": 0.8455321192741394,
    "iptm": 0.8649013042449951,
    "ligand_iptm": 0.0,
    "protein_iptm": 0.8649013042449951,
    "complex_plddt": 0.9420653581619263,
    "complex_iplddt": 0.9428607225418091,
    "complex_pde": 0.33852484822273254,
    "complex_ipde": 1.243815302848816,
    "chains_ptm": {
        "0": 0.9915070533752441,
        "1": 0.9924020767211914,
        "2": 0.8812451362609863
    },
    "pair_chains_iptm": {
        "0": {
            "0": 0.9915070533752441,
            "1": 0.9753812551498413,
            "2": 0.8552728295326233
        },
        "1": {
            "0": 0.9761913418769836,
            "1": 0.9924020767211914,
            "2": 0.8756096363067627
        },
        "2": {
            "0": 0.7008832097053528,
            "1": 0.6920782327651978,
            "2": 0.8812451362609863
        }
    }
}