{
    "confidence_score": 0.8440837264060974,
    "ptm": 0.7602066397666931,
    "iptm": 0.651080310344696,
    "ligand_iptm": 0.0,
    "protein_iptm": 0.651080310344696,
    "complex_plddt": 0.892334520816803,
    "complex_iplddt": 0.8610479831695557,
    "complex_pde": 0.8327862024307251,
    "complex_ipde": 5.689515590667725,
    "chains_ptm": {
        "0": 0.9858901500701904,
        "1": 0.9887564182281494,
        "2": 0.8524001240730286
    },
    "pair_chains_iptm": {
        "0": {
            "0": 0.9858901500701904,
            "1": 0.9583702683448792,
            "2": 0.3875987231731415
        },
        "1": {
            "0": 0.9578139185905457,
            "1": 0.9887564182281494,
            "2": 0.38462695479393005
        },
        "2": {
            "0": 0.3194673955440521,
            "1": 0.3260996341705322,
            "2": 0.8524001240730286
        }
    }
}