{
    "confidence_score": 0.9121057391166687,
    "ptm": 0.7923774123191833,
    "iptm": 0.7778409123420715,
    "ligand_iptm": 0.0,
    "protein_iptm": 0.7778409123420715,
    "complex_plddt": 0.9456719160079956,
    "complex_iplddt": 0.9450851678848267,
    "complex_pde": 0.38977935910224915,
    "complex_ipde": 1.8354872465133667,
    "chains_ptm": {
        "0": 0.9894893765449524,
        "1": 0.9901559352874756,
        "2": 0.8524790406227112
    },
    "pair_chains_iptm": {
        "0": {
            "0": 0.9894893765449524,
            "1": 0.9672673344612122,
            "2": 0.7648041844367981
        },
        "1": {
            "0": 0.9699286818504333,
            "1": 0.9901559352874756,
            "2": 0.7925592064857483
        },
        "2": {
            "0": 0.5914573073387146,
            "1": 0.5860776901245117,
            "2": 0.8524790406227112
        }
    }
}