{
    "confidence_score": 0.8490983843803406,
    "ptm": 0.8011828064918518,
    "iptm": 0.711763858795166,
    "ligand_iptm": 0.0,
    "protein_iptm": 0.711763858795166,
    "complex_plddt": 0.8834319710731506,
    "complex_iplddt": 0.8536221385002136,
    "complex_pde": 0.6808347105979919,
    "complex_ipde": 4.631353378295898,
    "chains_ptm": {
        "0": 0.9870672225952148,
        "1": 0.9887951612472534,
        "2": 0.9166859984397888
    },
    "pair_chains_iptm": {
        "0": {
            "0": 0.9870672225952148,
            "1": 0.9620142579078674,
            "2": 0.47610074281692505
        },
        "1": {
            "0": 0.9599785208702087,
            "1": 0.9887951612472534,
            "2": 0.4675306975841522
        },
        "2": {
            "0": 0.43784186244010925,
            "1": 0.45068228244781494,
            "2": 0.9166859984397888
        }
    }
}