{
    "confidence_score": 0.7172489762306213,
    "ptm": 0.5869235396385193,
    "iptm": 0.5089888572692871,
    "ligand_iptm": 0.0,
    "protein_iptm": 0.5089888572692871,
    "complex_plddt": 0.7693139910697937,
    "complex_iplddt": 0.7841207981109619,
    "complex_pde": 1.3337823152542114,
    "complex_ipde": 6.816775321960449,
    "chains_ptm": {
        "0": 0.9814390540122986,
        "1": 0.9825761318206787,
        "2": 0.6435145735740662
    },
    "pair_chains_iptm": {
        "0": {
            "0": 0.9814390540122986,
            "1": 0.9024118185043335,
            "2": 0.5093497037887573
        },
        "1": {
            "0": 0.9183535575866699,
            "1": 0.9825761318206787,
            "2": 0.5085920095443726
        },
        "2": {
            "0": 0.35053518414497375,
            "1": 0.344607412815094,
            "2": 0.6435145735740662
        }
    }
}