{
    "confidence_score": 0.8319792151451111,
    "ptm": 0.6517446637153625,
    "iptm": 0.5000033378601074,
    "ligand_iptm": 0.0,
    "protein_iptm": 0.5000033378601074,
    "complex_plddt": 0.9149730801582336,
    "complex_iplddt": 0.9188549518585205,
    "complex_pde": 0.6555032134056091,
    "complex_ipde": 6.166995525360107,
    "chains_ptm": {
        "0": 0.9921001195907593,
        "1": 0.993688702583313,
        "2": 0.8294375538825989
    },
    "pair_chains_iptm": {
        "0": {
            "0": 0.9921001195907593,
            "1": 0.964219868183136,
            "2": 0.492658406496048
        },
        "1": {
            "0": 0.9682479500770569,
            "1": 0.993688702583313,
            "2": 0.47987133264541626
        },
        "2": {
            "0": 0.32462745904922485,
            "1": 0.33413687348365784,
            "2": 0.8294375538825989
        }
    }
}