{
    "confidence_score": 0.9317198991775513,
    "ptm": 0.8859579563140869,
    "iptm": 0.9064270853996277,
    "ligand_iptm": 0.0,
    "protein_iptm": 0.9064270853996277,
    "complex_plddt": 0.9380431175231934,
    "complex_iplddt": 0.948941171169281,
    "complex_pde": 0.30995291471481323,
    "complex_ipde": 0.943896472454071,
    "chains_ptm": {
        "0": 0.9929244518280029,
        "1": 0.9938415288925171,
        "2": 0.9044064879417419
    },
    "pair_chains_iptm": {
        "0": {
            "0": 0.9929244518280029,
            "1": 0.9799391031265259,
            "2": 0.8988031148910522
        },
        "1": {
            "0": 0.9810287356376648,
            "1": 0.9938415288925171,
            "2": 0.9149062037467957
        },
        "2": {
            "0": 0.768612265586853,
            "1": 0.7710687518119812,
            "2": 0.9044064879417419
        }
    }
}