{
    "confidence_score": 0.9431188702583313,
    "ptm": 0.956008791923523,
    "iptm": 0.939198911190033,
    "ligand_iptm": 0.0,
    "protein_iptm": 0.939198911190033,
    "complex_plddt": 0.9440988898277283,
    "complex_iplddt": 0.9217385053634644,
    "complex_pde": 0.31539762020111084,
    "complex_ipde": 0.7509862184524536,
    "chains_ptm": {
        "0": 0.9908748865127563,
        "1": 0.9918276071548462,
        "2": 0.9774096608161926
    },
    "pair_chains_iptm": {
        "0": {
            "0": 0.9908748865127563,
            "1": 0.973272442817688,
            "2": 0.8712533712387085
        },
        "1": {
            "0": 0.9727309346199036,
            "1": 0.9918276071548462,
            "2": 0.8806946277618408
        },
        "2": {
            "0": 0.8959959149360657,
            "1": 0.9028641581535339,
            "2": 0.9774096608161926
        }
    }
}