{
    "confidence_score": 0.8580589294433594,
    "ptm": 0.7811914086341858,
    "iptm": 0.683127760887146,
    "ligand_iptm": 0.0,
    "protein_iptm": 0.683127760887146,
    "complex_plddt": 0.9017917513847351,
    "complex_iplddt": 0.8534690141677856,
    "complex_pde": 0.6116664409637451,
    "complex_ipde": 3.4637532234191895,
    "chains_ptm": {
        "0": 0.975847601890564,
        "1": 0.9738244414329529,
        "2": 0.9673686027526855
    },
    "pair_chains_iptm": {
        "0": {
            "0": 0.975847601890564,
            "1": 0.941801905632019,
            "2": 0.35314279794692993
        },
        "1": {
            "0": 0.9406694769859314,
            "1": 0.9738244414329529,
            "2": 0.32138967514038086
        },
        "2": {
            "0": 0.39784562587738037,
            "1": 0.3911358118057251,
            "2": 0.9673686027526855
        }
    }
}