{
    "confidence_score": 0.8771740198135376,
    "ptm": 0.7613560557365417,
    "iptm": 0.6799314022064209,
    "ligand_iptm": 0.0,
    "protein_iptm": 0.6799314022064209,
    "complex_plddt": 0.9264845848083496,
    "complex_iplddt": 0.9034340977668762,
    "complex_pde": 0.496562659740448,
    "complex_ipde": 3.68151593208313,
    "chains_ptm": {
        "0": 0.9867255091667175,
        "1": 0.9911410212516785,
        "2": 0.8316495418548584
    },
    "pair_chains_iptm": {
        "0": {
            "0": 0.9867255091667175,
            "1": 0.9650570750236511,
            "2": 0.6111082434654236
        },
        "1": {
            "0": 0.9658761024475098,
            "1": 0.9911410212516785,
            "2": 0.6045148968696594
        },
        "2": {
            "0": 0.48315301537513733,
            "1": 0.4908512234687805,
            "2": 0.8316495418548584
        }
    }
}