{
    "confidence_score": 0.7113513350486755,
    "ptm": 0.7779066562652588,
    "iptm": 0.5674753189086914,
    "ligand_iptm": 0.0,
    "protein_iptm": 0.5674753189086914,
    "complex_plddt": 0.747320294380188,
    "complex_iplddt": 0.796948254108429,
    "complex_pde": 0.9106943011283875,
    "complex_ipde": 4.73678731918335,
    "chains_ptm": {
        "0": 0.9845189452171326,
        "1": 0.9854404330253601,
        "2": 0.8783578276634216
    },
    "pair_chains_iptm": {
        "0": {
            "0": 0.9845189452171326,
            "1": 0.9409828782081604,
            "2": 0.5647762417793274
        },
        "1": {
            "0": 0.9371064901351929,
            "1": 0.9854404330253601,
            "2": 0.5717287659645081
        },
        "2": {
            "0": 0.4400678277015686,
            "1": 0.45584604144096375,
            "2": 0.8783578276634216
        }
    }
}