{
    "confidence_score": 0.8328507542610168,
    "ptm": 0.8034084439277649,
    "iptm": 0.717061460018158,
    "ligand_iptm": 0.0,
    "protein_iptm": 0.717061460018158,
    "complex_plddt": 0.861798107624054,
    "complex_iplddt": 0.8103033900260925,
    "complex_pde": 0.7283570170402527,
    "complex_ipde": 4.759590148925781,
    "chains_ptm": {
        "0": 0.9859296679496765,
        "1": 0.9886118173599243,
        "2": 0.8846161961555481
    },
    "pair_chains_iptm": {
        "0": {
            "0": 0.9859296679496765,
            "1": 0.9597678780555725,
            "2": 0.41154053807258606
        },
        "1": {
            "0": 0.9570980072021484,
            "1": 0.9886118173599243,
            "2": 0.3968847095966339
        },
        "2": {
            "0": 0.4656870365142822,
            "1": 0.46740609407424927,
            "2": 0.8846161961555481
        }
    }
}