{
    "confidence_score": 0.9397696852684021,
    "ptm": 0.9484966397285461,
    "iptm": 0.9280308485031128,
    "ligand_iptm": 0.0,
    "protein_iptm": 0.9280308485031128,
    "complex_plddt": 0.9427043795585632,
    "complex_iplddt": 0.9183397889137268,
    "complex_pde": 0.32932960987091064,
    "complex_ipde": 0.9821058511734009,
    "chains_ptm": {
        "0": 0.9911873936653137,
        "1": 0.9921057224273682,
        "2": 0.9777325987815857
    },
    "pair_chains_iptm": {
        "0": {
            "0": 0.9911873936653137,
            "1": 0.9742370843887329,
            "2": 0.8286798596382141
        },
        "1": {
            "0": 0.973346471786499,
            "1": 0.9921057224273682,
            "2": 0.8514844179153442
        },
        "2": {
            "0": 0.8695392608642578,
            "1": 0.8788259625434875,
            "2": 0.9777325987815857
        }
    }
}