{
    "confidence_score": 0.816472053527832,
    "ptm": 0.5586341619491577,
    "iptm": 0.4502467215061188,
    "ligand_iptm": 0.0,
    "protein_iptm": 0.4502467215061188,
    "complex_plddt": 0.9080284237861633,
    "complex_iplddt": 0.912331223487854,
    "complex_pde": 0.784673810005188,
    "complex_ipde": 7.6632795333862305,
    "chains_ptm": {
        "0": 0.9867607951164246,
        "1": 0.99095219373703,
        "2": 0.7617809176445007
    },
    "pair_chains_iptm": {
        "0": {
            "0": 0.9867607951164246,
            "1": 0.9521760940551758,
            "2": 0.3534967303276062
        },
        "1": {
            "0": 0.9550963044166565,
            "1": 0.99095219373703,
            "2": 0.3426753580570221
        },
        "2": {
            "0": 0.26638033986091614,
            "1": 0.27498647570610046,
            "2": 0.7617809176445007
        }
    }
}