{
    "confidence_score": 0.6455076932907104,
    "ptm": 0.6036340594291687,
    "iptm": 0.32248252630233765,
    "ligand_iptm": 0.0,
    "protein_iptm": 0.32248252630233765,
    "complex_plddt": 0.7262639403343201,
    "complex_iplddt": 0.7684531807899475,
    "complex_pde": 1.5534642934799194,
    "complex_ipde": 9.075366973876953,
    "chains_ptm": {
        "0": 0.9832416772842407,
        "1": 0.9846568703651428,
        "2": 0.779227077960968
    },
    "pair_chains_iptm": {
        "0": {
            "0": 0.9832416772842407,
            "1": 0.9215773940086365,
            "2": 0.21211673319339752
        },
        "1": {
            "0": 0.9219564199447632,
            "1": 0.9846568703651428,
            "2": 0.21301063895225525
        },
        "2": {
            "0": 0.18649375438690186,
            "1": 0.18783195316791534,
            "2": 0.779227077960968
        }
    }
}