{
    "confidence_score": 0.7746551036834717,
    "ptm": 0.6814389228820801,
    "iptm": 0.41736671328544617,
    "ligand_iptm": 0.0,
    "protein_iptm": 0.41736671328544617,
    "complex_plddt": 0.8639771938323975,
    "complex_iplddt": 0.8341692686080933,
    "complex_pde": 0.7434971332550049,
    "complex_ipde": 8.958741188049316,
    "chains_ptm": {
        "0": 0.9883031249046326,
        "1": 0.9903742671012878,
        "2": 0.8879685401916504
    },
    "pair_chains_iptm": {
        "0": {
            "0": 0.9883031249046326,
            "1": 0.9509037137031555,
            "2": 0.2889937460422516
        },
        "1": {
            "0": 0.9486867189407349,
            "1": 0.9903742671012878,
            "2": 0.3060447871685028
        },
        "2": {
            "0": 0.2795349359512329,
            "1": 0.28909459710121155,
            "2": 0.8879685401916504
        }
    }
}