{
    "confidence_score": 0.8675336837768555,
    "ptm": 0.891773521900177,
    "iptm": 0.843102753162384,
    "ligand_iptm": 0.0,
    "protein_iptm": 0.843102753162384,
    "complex_plddt": 0.8736413717269897,
    "complex_iplddt": 0.8576610088348389,
    "complex_pde": 0.45235809683799744,
    "complex_ipde": 2.409022569656372,
    "chains_ptm": {
        "0": 0.9910212159156799,
        "1": 0.9930611848831177,
        "2": 0.9534328579902649
    },
    "pair_chains_iptm": {
        "0": {
            "0": 0.9910212159156799,
            "1": 0.9734669327735901,
            "2": 0.7583316564559937
        },
        "1": {
            "0": 0.9722867608070374,
            "1": 0.9930611848831177,
            "2": 0.7574330568313599
        },
        "2": {
            "0": 0.6888284683227539,
            "1": 0.7077810764312744,
            "2": 0.9534328579902649
        }
    }
}