{
    "confidence_score": 0.8635649085044861,
    "ptm": 0.7552031874656677,
    "iptm": 0.6469396352767944,
    "ligand_iptm": 0.0,
    "protein_iptm": 0.6469396352767944,
    "complex_plddt": 0.9177212119102478,
    "complex_iplddt": 0.8994582295417786,
    "complex_pde": 0.8214132189750671,
    "complex_ipde": 5.554836750030518,
    "chains_ptm": {
        "0": 0.9859287142753601,
        "1": 0.9886611104011536,
        "2": 0.8542791604995728
    },
    "pair_chains_iptm": {
        "0": {
            "0": 0.9859287142753601,
            "1": 0.9599249958992004,
            "2": 0.43448585271835327
        },
        "1": {
            "0": 0.9575486183166504,
            "1": 0.9886611104011536,
            "2": 0.4334261417388916
        },
        "2": {
            "0": 0.30864864587783813,
            "1": 0.3205934464931488,
            "2": 0.8542791604995728
        }
    }
}