{
    "confidence_score": 0.7733872532844543,
    "ptm": 0.6530611515045166,
    "iptm": 0.35496431589126587,
    "ligand_iptm": 0.0,
    "protein_iptm": 0.35496431589126587,
    "complex_plddt": 0.8779929876327515,
    "complex_iplddt": 0.8710854649543762,
    "complex_pde": 0.8544083833694458,
    "complex_ipde": 9.78315544128418,
    "chains_ptm": {
        "0": 0.9844681620597839,
        "1": 0.9883437156677246,
        "2": 0.876215934753418
    },
    "pair_chains_iptm": {
        "0": {
            "0": 0.9844681620597839,
            "1": 0.9363107681274414,
            "2": 0.20527376234531403
        },
        "1": {
            "0": 0.9346231818199158,
            "1": 0.9883437156677246,
            "2": 0.21012388169765472
        },
        "2": {
            "0": 0.20923079550266266,
            "1": 0.21492928266525269,
            "2": 0.876215934753418
        }
    }
}