{
    "confidence_score": 0.9500858187675476,
    "ptm": 0.9635692834854126,
    "iptm": 0.9501465559005737,
    "ligand_iptm": 0.0,
    "protein_iptm": 0.9501465559005737,
    "complex_plddt": 0.9500706791877747,
    "complex_iplddt": 0.9299806356430054,
    "complex_pde": 0.30400487780570984,
    "complex_ipde": 0.5937579870223999,
    "chains_ptm": {
        "0": 0.9912551045417786,
        "1": 0.9921712279319763,
        "2": 0.9781127572059631
    },
    "pair_chains_iptm": {
        "0": {
            "0": 0.9912551045417786,
            "1": 0.9749147295951843,
            "2": 0.8993204832077026
        },
        "1": {
            "0": 0.9737708568572998,
            "1": 0.9921712279319763,
            "2": 0.904731810092926
        },
        "2": {
            "0": 0.916822612285614,
            "1": 0.9239891767501831,
            "2": 0.9781127572059631
        }
    }
}