{
    "confidence_score": 0.8766924142837524,
    "ptm": 0.8285396099090576,
    "iptm": 0.7471851110458374,
    "ligand_iptm": 0.0,
    "protein_iptm": 0.7471851110458374,
    "complex_plddt": 0.9090691804885864,
    "complex_iplddt": 0.865452766418457,
    "complex_pde": 0.529815673828125,
    "complex_ipde": 2.715458631515503,
    "chains_ptm": {
        "0": 0.9818482398986816,
        "1": 0.9779178500175476,
        "2": 0.9707454442977905
    },
    "pair_chains_iptm": {
        "0": {
            "0": 0.9818482398986816,
            "1": 0.9536508917808533,
            "2": 0.4939565360546112
        },
        "1": {
            "0": 0.9514045715332031,
            "1": 0.9779178500175476,
            "2": 0.4577161967754364
        },
        "2": {
            "0": 0.5283378958702087,
            "1": 0.5132341980934143,
            "2": 0.9707454442977905
        }
    }
}