{
    "confidence_score": 0.9504434466362,
    "ptm": 0.9612945914268494,
    "iptm": 0.9469467997550964,
    "ligand_iptm": 0.0,
    "protein_iptm": 0.9469467997550964,
    "complex_plddt": 0.9513176083564758,
    "complex_iplddt": 0.9340829849243164,
    "complex_pde": 0.30373093485832214,
    "complex_ipde": 0.6090147495269775,
    "chains_ptm": {
        "0": 0.9912647008895874,
        "1": 0.9918674826622009,
        "2": 0.9781420230865479
    },
    "pair_chains_iptm": {
        "0": {
            "0": 0.9912647008895874,
            "1": 0.9744522571563721,
            "2": 0.9014308452606201
        },
        "1": {
            "0": 0.9734915494918823,
            "1": 0.9918674826622009,
            "2": 0.9005903005599976
        },
        "2": {
            "0": 0.9168782830238342,
            "1": 0.918237030506134,
            "2": 0.9781420230865479
        }
    }
}