{
    "confidence_score": 0.6727246046066284,
    "ptm": 0.7279254794120789,
    "iptm": 0.44017666578292847,
    "ligand_iptm": 0.0,
    "protein_iptm": 0.44017666578292847,
    "complex_plddt": 0.7308615446090698,
    "complex_iplddt": 0.781108558177948,
    "complex_pde": 0.9742720723152161,
    "complex_ipde": 6.194798469543457,
    "chains_ptm": {
        "0": 0.9879686236381531,
        "1": 0.9879855513572693,
        "2": 0.8737851977348328
    },
    "pair_chains_iptm": {
        "0": {
            "0": 0.9879686236381531,
            "1": 0.944067120552063,
            "2": 0.42415115237236023
        },
        "1": {
            "0": 0.9436877965927124,
            "1": 0.9879855513572693,
            "2": 0.42862004041671753
        },
        "2": {
            "0": 0.31891247630119324,
            "1": 0.32668691873550415,
            "2": 0.8737851977348328
        }
    }
}