{
    "confidence_score": 0.908790111541748,
    "ptm": 0.839905858039856,
    "iptm": 0.8322878479957581,
    "ligand_iptm": 0.0,
    "protein_iptm": 0.8322878479957581,
    "complex_plddt": 0.9279156923294067,
    "complex_iplddt": 0.9149641394615173,
    "complex_pde": 0.39038872718811035,
    "complex_ipde": 1.7099554538726807,
    "chains_ptm": {
        "0": 0.987525999546051,
        "1": 0.9914166927337646,
        "2": 0.8220977783203125
    },
    "pair_chains_iptm": {
        "0": {
            "0": 0.987525999546051,
            "1": 0.9689643979072571,
            "2": 0.8325535655021667
        },
        "1": {
            "0": 0.9691784977912903,
            "1": 0.9914166927337646,
            "2": 0.8328385949134827
        },
        "2": {
            "0": 0.65384840965271,
            "1": 0.6663418412208557,
            "2": 0.8220977783203125
        }
    }
}