{
    "confidence_score": 0.715529203414917,
    "ptm": 0.5997676253318787,
    "iptm": 0.5283879637718201,
    "ligand_iptm": 0.0,
    "protein_iptm": 0.5283879637718201,
    "complex_plddt": 0.76231449842453,
    "complex_iplddt": 0.77916020154953,
    "complex_pde": 1.2485073804855347,
    "complex_ipde": 6.832146167755127,
    "chains_ptm": {
        "0": 0.9774494767189026,
        "1": 0.9790340065956116,
        "2": 0.6936060786247253
    },
    "pair_chains_iptm": {
        "0": {
            "0": 0.9774494767189026,
            "1": 0.9027161598205566,
            "2": 0.5390350818634033
        },
        "1": {
            "0": 0.9104893803596497,
            "1": 0.9790340065956116,
            "2": 0.5192482471466064
        },
        "2": {
            "0": 0.3714320659637451,
            "1": 0.35508039593696594,
            "2": 0.6936060786247253
        }
    }
}