{
    "confidence_score": 0.8214893341064453,
    "ptm": 0.6098402738571167,
    "iptm": 0.4714896082878113,
    "ligand_iptm": 0.0,
    "protein_iptm": 0.4714896082878113,
    "complex_plddt": 0.9089892506599426,
    "complex_iplddt": 0.8693205118179321,
    "complex_pde": 0.761803388595581,
    "complex_ipde": 8.25373363494873,
    "chains_ptm": {
        "0": 0.9845945239067078,
        "1": 0.9905134439468384,
        "2": 0.798140287399292
    },
    "pair_chains_iptm": {
        "0": {
            "0": 0.9845945239067078,
            "1": 0.9576224684715271,
            "2": 0.15674173831939697
        },
        "1": {
            "0": 0.9601225256919861,
            "1": 0.9905134439468384,
            "2": 0.14079248905181885
        },
        "2": {
            "0": 0.1397830992937088,
            "1": 0.14090710878372192,
            "2": 0.798140287399292
        }
    }
}