{
    "confidence_score": 0.7669718265533447,
    "ptm": 0.6262962818145752,
    "iptm": 0.3148707449436188,
    "ligand_iptm": 0.0,
    "protein_iptm": 0.3148707449436188,
    "complex_plddt": 0.8799970746040344,
    "complex_iplddt": 0.8729050755500793,
    "complex_pde": 0.8371439576148987,
    "complex_ipde": 9.85489273071289,
    "chains_ptm": {
        "0": 0.9835821390151978,
        "1": 0.9881468415260315,
        "2": 0.8658610582351685
    },
    "pair_chains_iptm": {
        "0": {
            "0": 0.9835821390151978,
            "1": 0.9308459758758545,
            "2": 0.13793092966079712
        },
        "1": {
            "0": 0.9342694878578186,
            "1": 0.9881468415260315,
            "2": 0.14042864739894867
        },
        "2": {
            "0": 0.15885399281978607,
            "1": 0.16532593965530396,
            "2": 0.8658610582351685
        }
    }
}