{
    "confidence_score": 0.8331759572029114,
    "ptm": 0.7944003343582153,
    "iptm": 0.7025785446166992,
    "ligand_iptm": 0.0,
    "protein_iptm": 0.7025785446166992,
    "complex_plddt": 0.8658252954483032,
    "complex_iplddt": 0.816116452217102,
    "complex_pde": 0.7762703895568848,
    "complex_ipde": 5.03399133682251,
    "chains_ptm": {
        "0": 0.9852899312973022,
        "1": 0.9870915412902832,
        "2": 0.8655697107315063
    },
    "pair_chains_iptm": {
        "0": {
            "0": 0.9852899312973022,
            "1": 0.9555811285972595,
            "2": 0.3453717827796936
        },
        "1": {
            "0": 0.9534870386123657,
            "1": 0.9870915412902832,
            "2": 0.35630205273628235
        },
        "2": {
            "0": 0.42664170265197754,
            "1": 0.43402960896492004,
            "2": 0.8655697107315063
        }
    }
}