{
    "confidence_score": 0.9063274264335632,
    "ptm": 0.9115021824836731,
    "iptm": 0.8706461787223816,
    "ligand_iptm": 0.0,
    "protein_iptm": 0.8706461787223816,
    "complex_plddt": 0.9152477979660034,
    "complex_iplddt": 0.8790627121925354,
    "complex_pde": 0.3851524889469147,
    "complex_ipde": 1.4406505823135376,
    "chains_ptm": {
        "0": 0.9890859127044678,
        "1": 0.9880969524383545,
        "2": 0.9795432090759277
    },
    "pair_chains_iptm": {
        "0": {
            "0": 0.9890859127044678,
            "1": 0.9698055982589722,
            "2": 0.7449784278869629
        },
        "1": {
            "0": 0.9698634147644043,
            "1": 0.9880969524383545,
            "2": 0.7286620736122131
        },
        "2": {
            "0": 0.7643683552742004,
            "1": 0.7589128613471985,
            "2": 0.9795432090759277
        }
    }
}