{
    "confidence_score": 0.6982117295265198,
    "ptm": 0.7914515733718872,
    "iptm": 0.5707175731658936,
    "ligand_iptm": 0.0,
    "protein_iptm": 0.5707175731658936,
    "complex_plddt": 0.7300852537155151,
    "complex_iplddt": 0.7610611915588379,
    "complex_pde": 0.8087488412857056,
    "complex_ipde": 4.94488525390625,
    "chains_ptm": {
        "0": 0.9878551959991455,
        "1": 0.9869362115859985,
        "2": 0.900565505027771
    },
    "pair_chains_iptm": {
        "0": {
            "0": 0.9878551959991455,
            "1": 0.9434719681739807,
            "2": 0.5787234902381897
        },
        "1": {
            "0": 0.9394175410270691,
            "1": 0.9869362115859985,
            "2": 0.5619838833808899
        },
        "2": {
            "0": 0.4392421841621399,
            "1": 0.4341282844543457,
            "2": 0.900565505027771
        }
    }
}