{
    "confidence_score": 0.6672907471656799,
    "ptm": 0.6201183795928955,
    "iptm": 0.35798344016075134,
    "ligand_iptm": 0.0,
    "protein_iptm": 0.35798344016075134,
    "complex_plddt": 0.7446175813674927,
    "complex_iplddt": 0.7877321839332581,
    "complex_pde": 1.560577630996704,
    "complex_ipde": 8.419332504272461,
    "chains_ptm": {
        "0": 0.9825578331947327,
        "1": 0.983574390411377,
        "2": 0.7802823781967163
    },
    "pair_chains_iptm": {
        "0": {
            "0": 0.9825578331947327,
            "1": 0.9248636960983276,
            "2": 0.27175119519233704
        },
        "1": {
            "0": 0.9220603704452515,
            "1": 0.983574390411377,
            "2": 0.2843021750450134
        },
        "2": {
            "0": 0.2246328592300415,
            "1": 0.23163732886314392,
            "2": 0.7802823781967163
        }
    }
}