{
    "confidence_score": 0.9538761377334595,
    "ptm": 0.9655235409736633,
    "iptm": 0.9528787732124329,
    "ligand_iptm": 0.0,
    "protein_iptm": 0.9528787732124329,
    "complex_plddt": 0.9541254043579102,
    "complex_iplddt": 0.9361320734024048,
    "complex_pde": 0.3004958927631378,
    "complex_ipde": 0.5591087341308594,
    "chains_ptm": {
        "0": 0.9916892647743225,
        "1": 0.9924675226211548,
        "2": 0.9779379367828369
    },
    "pair_chains_iptm": {
        "0": {
            "0": 0.9916892647743225,
            "1": 0.9758092164993286,
            "2": 0.9063428044319153
        },
        "1": {
            "0": 0.9749130010604858,
            "1": 0.9924675226211548,
            "2": 0.9095100164413452
        },
        "2": {
            "0": 0.922120988368988,
            "1": 0.9288147687911987,
            "2": 0.9779379367828369
        }
    }
}