{
    "confidence_score": 0.9163203239440918,
    "ptm": 0.8088358640670776,
    "iptm": 0.8013138175010681,
    "ligand_iptm": 0.0,
    "protein_iptm": 0.8013138175010681,
    "complex_plddt": 0.9450719952583313,
    "complex_iplddt": 0.9467400312423706,
    "complex_pde": 0.37398678064346313,
    "complex_ipde": 1.698411464691162,
    "chains_ptm": {
        "0": 0.9904971718788147,
        "1": 0.9914177656173706,
        "2": 0.8579848408699036
    },
    "pair_chains_iptm": {
        "0": {
            "0": 0.9904971718788147,
            "1": 0.9714019298553467,
            "2": 0.7905105948448181
        },
        "1": {
            "0": 0.9716124534606934,
            "1": 0.9914177656173706,
            "2": 0.813693106174469
        },
        "2": {
            "0": 0.6246895790100098,
            "1": 0.6158156394958496,
            "2": 0.8579848408699036
        }
    }
}