{
    "confidence_score": 0.9087428450584412,
    "ptm": 0.966002345085144,
    "iptm": 0.9518400430679321,
    "ligand_iptm": 0.0,
    "protein_iptm": 0.9518400430679321,
    "complex_plddt": 0.8979685306549072,
    "complex_iplddt": 0.84930819272995,
    "complex_pde": 0.29761645197868347,
    "complex_ipde": 0.5760352611541748,
    "chains_ptm": {
        "0": 0.9924846291542053,
        "1": 0.9913781881332397,
        "2": 0.9876899123191833
    },
    "pair_chains_iptm": {
        "0": {
            "0": 0.9924846291542053,
            "1": 0.9790262579917908,
            "2": 0.9257780909538269
        },
        "1": {
            "0": 0.9788107872009277,
            "1": 0.9913781881332397,
            "2": 0.9174992442131042
        },
        "2": {
            "0": 0.9240779280662537,
            "1": 0.9215848445892334,
            "2": 0.9876899123191833
        }
    }
}