{
    "confidence_score": 0.948133111000061,
    "ptm": 0.9380080103874207,
    "iptm": 0.9512218832969666,
    "ligand_iptm": 0.0,
    "protein_iptm": 0.9512218832969666,
    "complex_plddt": 0.9473609328269958,
    "complex_iplddt": 0.9569873213768005,
    "complex_pde": 0.3508771061897278,
    "complex_ipde": 0.5069182515144348,
    "chains_ptm": {
        "0": 0.992111325263977,
        "1": 0.9912837743759155,
        "2": 0.9365108609199524
    },
    "pair_chains_iptm": {
        "0": {
            "0": 0.992111325263977,
            "1": 0.9755884408950806,
            "2": 0.9501259922981262
        },
        "1": {
            "0": 0.973127543926239,
            "1": 0.9912837743759155,
            "2": 0.9528168439865112
        },
        "2": {
            "0": 0.8693106174468994,
            "1": 0.8870380520820618,
            "2": 0.9365108609199524
        }
    }
}