{
    "confidence_score": 0.8370097279548645,
    "ptm": 0.6090229749679565,
    "iptm": 0.47204241156578064,
    "ligand_iptm": 0.0,
    "protein_iptm": 0.47204241156578064,
    "complex_plddt": 0.9282515645027161,
    "complex_iplddt": 0.9398512244224548,
    "complex_pde": 0.6868293285369873,
    "complex_ipde": 6.518196105957031,
    "chains_ptm": {
        "0": 0.988860547542572,
        "1": 0.9917564988136292,
        "2": 0.8167489171028137
    },
    "pair_chains_iptm": {
        "0": {
            "0": 0.988860547542572,
            "1": 0.9570132493972778,
            "2": 0.41609811782836914
        },
        "1": {
            "0": 0.9581572413444519,
            "1": 0.9917564988136292,
            "2": 0.4041503071784973
        },
        "2": {
            "0": 0.2956804931163788,
            "1": 0.2996560335159302,
            "2": 0.8167489171028137
        }
    }
}