{
    "confidence_score": 0.8842899203300476,
    "ptm": 0.8902221322059631,
    "iptm": 0.8445568084716797,
    "ligand_iptm": 0.0,
    "protein_iptm": 0.8445568084716797,
    "complex_plddt": 0.8942232131958008,
    "complex_iplddt": 0.8362462520599365,
    "complex_pde": 0.4284690320491791,
    "complex_ipde": 1.8420323133468628,
    "chains_ptm": {
        "0": 0.9861485958099365,
        "1": 0.9854692220687866,
        "2": 0.976509153842926
    },
    "pair_chains_iptm": {
        "0": {
            "0": 0.9861485958099365,
            "1": 0.9651906490325928,
            "2": 0.6431876420974731
        },
        "1": {
            "0": 0.964729368686676,
            "1": 0.9854692220687866,
            "2": 0.6602036356925964
        },
        "2": {
            "0": 0.6929213404655457,
            "1": 0.7080038785934448,
            "2": 0.976509153842926
        }
    }
}