{
    "confidence_score": 0.6913897395133972,
    "ptm": 0.6565226912498474,
    "iptm": 0.4330930709838867,
    "ligand_iptm": 0.0,
    "protein_iptm": 0.4330930709838867,
    "complex_plddt": 0.755963921546936,
    "complex_iplddt": 0.7619802951812744,
    "complex_pde": 1.201442003250122,
    "complex_ipde": 7.682880401611328,
    "chains_ptm": {
        "0": 0.9822110533714294,
        "1": 0.982751727104187,
        "2": 0.7637318968772888
    },
    "pair_chains_iptm": {
        "0": {
            "0": 0.9822110533714294,
            "1": 0.8967058062553406,
            "2": 0.43313664197921753
        },
        "1": {
            "0": 0.9072778224945068,
            "1": 0.982751727104187,
            "2": 0.4326140284538269
        },
        "2": {
            "0": 0.35582518577575684,
            "1": 0.35114356875419617,
            "2": 0.7637318968772888
        }
    }
}