{
    "confidence_score": 0.9513674974441528,
    "ptm": 0.9674633145332336,
    "iptm": 0.9555155038833618,
    "ligand_iptm": 0.0,
    "protein_iptm": 0.9555155038833618,
    "complex_plddt": 0.9503304362297058,
    "complex_iplddt": 0.9282259941101074,
    "complex_pde": 0.2925817370414734,
    "complex_ipde": 0.5323493480682373,
    "chains_ptm": {
        "0": 0.9921281933784485,
        "1": 0.9929221868515015,
        "2": 0.9819409847259521
    },
    "pair_chains_iptm": {
        "0": {
            "0": 0.9921281933784485,
            "1": 0.9767314195632935,
            "2": 0.9227604866027832
        },
        "1": {
            "0": 0.9758638143539429,
            "1": 0.9929221868515015,
            "2": 0.9203400015830994
        },
        "2": {
            "0": 0.9313313364982605,
            "1": 0.933661162853241,
            "2": 0.9819409847259521
        }
    }
}