{
    "confidence_score": 0.7876700162887573,
    "ptm": 0.697759211063385,
    "iptm": 0.4766138195991516,
    "ligand_iptm": 0.0,
    "protein_iptm": 0.4766138195991516,
    "complex_plddt": 0.8654340505599976,
    "complex_iplddt": 0.8316558003425598,
    "complex_pde": 0.7219101190567017,
    "complex_ipde": 7.822662353515625,
    "chains_ptm": {
        "0": 0.987525224685669,
        "1": 0.990621030330658,
        "2": 0.8787091970443726
    },
    "pair_chains_iptm": {
        "0": {
            "0": 0.987525224685669,
            "1": 0.9487584233283997,
            "2": 0.40781477093696594
        },
        "1": {
            "0": 0.9521158337593079,
            "1": 0.990621030330658,
            "2": 0.412470281124115
        },
        "2": {
            "0": 0.35290396213531494,
            "1": 0.3590463697910309,
            "2": 0.8787091970443726
        }
    }
}