{
    "confidence_score": 0.7914676666259766,
    "ptm": 0.5305421948432922,
    "iptm": 0.3723495602607727,
    "ligand_iptm": 0.0,
    "protein_iptm": 0.3723495602607727,
    "complex_plddt": 0.8962472081184387,
    "complex_iplddt": 0.8738226294517517,
    "complex_pde": 0.8387380242347717,
    "complex_ipde": 8.978337287902832,
    "chains_ptm": {
        "0": 0.9840596318244934,
        "1": 0.9893271327018738,
        "2": 0.8057454228401184
    },
    "pair_chains_iptm": {
        "0": {
            "0": 0.9840596318244934,
            "1": 0.9477328062057495,
            "2": 0.1941499412059784
        },
        "1": {
            "0": 0.9482380747795105,
            "1": 0.9893271327018738,
            "2": 0.1764744222164154
        },
        "2": {
            "0": 0.16780400276184082,
            "1": 0.17046134173870087,
            "2": 0.8057454228401184
        }
    }
}