{
    "confidence_score": 0.8918362855911255,
    "ptm": 0.7537927627563477,
    "iptm": 0.6799547672271729,
    "ligand_iptm": 0.0,
    "protein_iptm": 0.6799547672271729,
    "complex_plddt": 0.9448066353797913,
    "complex_iplddt": 0.9424812197685242,
    "complex_pde": 0.44108834862709045,
    "complex_ipde": 2.720913887023926,
    "chains_ptm": {
        "0": 0.9885275959968567,
        "1": 0.9893012642860413,
        "2": 0.8335354328155518
    },
    "pair_chains_iptm": {
        "0": {
            "0": 0.9885275959968567,
            "1": 0.9647132754325867,
            "2": 0.6706241369247437
        },
        "1": {
            "0": 0.9646016955375671,
            "1": 0.9893012642860413,
            "2": 0.6903318762779236
        },
        "2": {
            "0": 0.5020154714584351,
            "1": 0.5009351968765259,
            "2": 0.8335354328155518
        }
    }
}