{
    "confidence_score": 0.7605153322219849,
    "ptm": 0.6393877267837524,
    "iptm": 0.29780086874961853,
    "ligand_iptm": 0.0,
    "protein_iptm": 0.29780086874961853,
    "complex_plddt": 0.8761939406394958,
    "complex_iplddt": 0.8603328466415405,
    "complex_pde": 0.8145376443862915,
    "complex_ipde": 10.211566925048828,
    "chains_ptm": {
        "0": 0.983669102191925,
        "1": 0.9882009029388428,
        "2": 0.8914393186569214
    },
    "pair_chains_iptm": {
        "0": {
            "0": 0.983669102191925,
            "1": 0.9302544593811035,
            "2": 0.12204550206661224
        },
        "1": {
            "0": 0.9276956915855408,
            "1": 0.9882009029388428,
            "2": 0.11781462281942368
        },
        "2": {
            "0": 0.14396952092647552,
            "1": 0.14382392168045044,
            "2": 0.8914393186569214
        }
    }
}