{
    "confidence_score": 0.9498845338821411,
    "ptm": 0.9613468647003174,
    "iptm": 0.9468253254890442,
    "ligand_iptm": 0.0,
    "protein_iptm": 0.9468253254890442,
    "complex_plddt": 0.9506492614746094,
    "complex_iplddt": 0.9332488179206848,
    "complex_pde": 0.30603253841400146,
    "complex_ipde": 0.639104962348938,
    "chains_ptm": {
        "0": 0.9915079474449158,
        "1": 0.9922895431518555,
        "2": 0.9774757623672485
    },
    "pair_chains_iptm": {
        "0": {
            "0": 0.9915079474449158,
            "1": 0.975580096244812,
            "2": 0.8871728777885437
        },
        "1": {
            "0": 0.9747740030288696,
            "1": 0.9922895431518555,
            "2": 0.8938463926315308
        },
        "2": {
            "0": 0.9083112478256226,
            "1": 0.9167368412017822,
            "2": 0.9774757623672485
        }
    }
}