{
    "confidence_score": 0.9167925119400024,
    "ptm": 0.8102697730064392,
    "iptm": 0.8025127053260803,
    "ligand_iptm": 0.0,
    "protein_iptm": 0.8025127053260803,
    "complex_plddt": 0.945362389087677,
    "complex_iplddt": 0.9520022869110107,
    "complex_pde": 0.3726779818534851,
    "complex_ipde": 1.7201558351516724,
    "chains_ptm": {
        "0": 0.9901929497718811,
        "1": 0.9912955164909363,
        "2": 0.8605347275733948
    },
    "pair_chains_iptm": {
        "0": {
            "0": 0.9901929497718811,
            "1": 0.971258282661438,
            "2": 0.7904360890388489
        },
        "1": {
            "0": 0.9704838991165161,
            "1": 0.9912955164909363,
            "2": 0.8159437775611877
        },
        "2": {
            "0": 0.6184188723564148,
            "1": 0.6190522313117981,
            "2": 0.8605347275733948
        }
    }
}