{
    "confidence_score": 0.9195260405540466,
    "ptm": 0.9421746134757996,
    "iptm": 0.9206526875495911,
    "ligand_iptm": 0.0,
    "protein_iptm": 0.9206526875495911,
    "complex_plddt": 0.9192443490028381,
    "complex_iplddt": 0.8865071535110474,
    "complex_pde": 0.34754514694213867,
    "complex_ipde": 0.8967254161834717,
    "chains_ptm": {
        "0": 0.9880560040473938,
        "1": 0.9864963889122009,
        "2": 0.9798834323883057
    },
    "pair_chains_iptm": {
        "0": {
            "0": 0.9880560040473938,
            "1": 0.967944860458374,
            "2": 0.8646605014801025
        },
        "1": {
            "0": 0.9664320349693298,
            "1": 0.9864963889122009,
            "2": 0.8646286725997925
        },
        "2": {
            "0": 0.8666524887084961,
            "1": 0.8682901263237,
            "2": 0.9798834323883057
        }
    }
}