{
    "confidence_score": 0.8164286017417908,
    "ptm": 0.7474159598350525,
    "iptm": 0.6322890520095825,
    "ligand_iptm": 0.0,
    "protein_iptm": 0.6322890520095825,
    "complex_plddt": 0.8624634146690369,
    "complex_iplddt": 0.8273365497589111,
    "complex_pde": 0.8053377866744995,
    "complex_ipde": 6.772514343261719,
    "chains_ptm": {
        "0": 0.9868900775909424,
        "1": 0.9886664748191833,
        "2": 0.9422252774238586
    },
    "pair_chains_iptm": {
        "0": {
            "0": 0.9868900775909424,
            "1": 0.9558619260787964,
            "2": 0.22295206785202026
        },
        "1": {
            "0": 0.9541265368461609,
            "1": 0.9886664748191833,
            "2": 0.2249399721622467
        },
        "2": {
            "0": 0.2799740433692932,
            "1": 0.29869508743286133,
            "2": 0.9422252774238586
        }
    }
}