{
    "confidence_score": 0.7658812999725342,
    "ptm": 0.6508544087409973,
    "iptm": 0.3434184491634369,
    "ligand_iptm": 0.0,
    "protein_iptm": 0.3434184491634369,
    "complex_plddt": 0.8714970350265503,
    "complex_iplddt": 0.8623360991477966,
    "complex_pde": 0.840870201587677,
    "complex_ipde": 9.87204360961914,
    "chains_ptm": {
        "0": 0.9832203388214111,
        "1": 0.9873071908950806,
        "2": 0.8816169500350952
    },
    "pair_chains_iptm": {
        "0": {
            "0": 0.9832203388214111,
            "1": 0.9326637983322144,
            "2": 0.18444953858852386
        },
        "1": {
            "0": 0.9315822124481201,
            "1": 0.9873071908950806,
            "2": 0.18762274086475372
        },
        "2": {
            "0": 0.19694744050502777,
            "1": 0.20229263603687286,
            "2": 0.8816169500350952
        }
    }
}