{
    "confidence_score": 0.6801005601882935,
    "ptm": 0.7325555682182312,
    "iptm": 0.3816119432449341,
    "ligand_iptm": 0.0,
    "protein_iptm": 0.3816119432449341,
    "complex_plddt": 0.7547227144241333,
    "complex_iplddt": 0.8070774078369141,
    "complex_pde": 0.7481548190116882,
    "complex_ipde": 7.826006889343262,
    "chains_ptm": {
        "0": 0.986278235912323,
        "1": 0.987755537033081,
        "2": 0.9489902853965759
    },
    "pair_chains_iptm": {
        "0": {
            "0": 0.986278235912323,
            "1": 0.9334502220153809,
            "2": 0.24557067453861237
        },
        "1": {
            "0": 0.9312258958816528,
            "1": 0.987755537033081,
            "2": 0.2659132778644562
        },
        "2": {
            "0": 0.24522405862808228,
            "1": 0.2602415680885315,
            "2": 0.9489902853965759
        }
    }
}