{
    "confidence_score": 0.7683529853820801,
    "ptm": 0.6285645365715027,
    "iptm": 0.3337947726249695,
    "ligand_iptm": 0.0,
    "protein_iptm": 0.3337947726249695,
    "complex_plddt": 0.8769925236701965,
    "complex_iplddt": 0.8732804656028748,
    "complex_pde": 0.8935730457305908,
    "complex_ipde": 9.96021556854248,
    "chains_ptm": {
        "0": 0.9835073947906494,
        "1": 0.9869236350059509,
        "2": 0.8540802001953125
    },
    "pair_chains_iptm": {
        "0": {
            "0": 0.9835073947906494,
            "1": 0.9354369640350342,
            "2": 0.1751701533794403
        },
        "1": {
            "0": 0.9348645210266113,
            "1": 0.9869236350059509,
            "2": 0.17473632097244263
        },
        "2": {
            "0": 0.1808728128671646,
            "1": 0.1893332451581955,
            "2": 0.8540802001953125
        }
    }
}