{
    "confidence_score": 0.6722838878631592,
    "ptm": 0.6857866048812866,
    "iptm": 0.33621349930763245,
    "ligand_iptm": 0.0,
    "protein_iptm": 0.33621349930763245,
    "complex_plddt": 0.7563014626502991,
    "complex_iplddt": 0.8114811778068542,
    "complex_pde": 0.9624336361885071,
    "complex_ipde": 8.615484237670898,
    "chains_ptm": {
        "0": 0.9829660654067993,
        "1": 0.9838560819625854,
        "2": 0.9049697518348694
    },
    "pair_chains_iptm": {
        "0": {
            "0": 0.9829660654067993,
            "1": 0.9236738085746765,
            "2": 0.18442413210868835
        },
        "1": {
            "0": 0.9252917766571045,
            "1": 0.9838560819625854,
            "2": 0.2009144425392151
        },
        "2": {
            "0": 0.19617648422718048,
            "1": 0.21008458733558655,
            "2": 0.9049697518348694
        }
    }
}