{
    "confidence_score": 0.7838172316551208,
    "ptm": 0.6714128255844116,
    "iptm": 0.4414791166782379,
    "ligand_iptm": 0.0,
    "protein_iptm": 0.4414791166782379,
    "complex_plddt": 0.8694016933441162,
    "complex_iplddt": 0.8427766561508179,
    "complex_pde": 0.8029252886772156,
    "complex_ipde": 8.183538436889648,
    "chains_ptm": {
        "0": 0.9853858947753906,
        "1": 0.9891841411590576,
        "2": 0.8620428442955017
    },
    "pair_chains_iptm": {
        "0": {
            "0": 0.9853858947753906,
            "1": 0.945675253868103,
            "2": 0.32300761342048645
        },
        "1": {
            "0": 0.9442713856697083,
            "1": 0.9891841411590576,
            "2": 0.33347564935684204
        },
        "2": {
            "0": 0.2958567440509796,
            "1": 0.32185348868370056,
            "2": 0.8620428442955017
        }
    }
}