{
    "confidence_score": 0.9252457022666931,
    "ptm": 0.9568967223167419,
    "iptm": 0.9391704797744751,
    "ligand_iptm": 0.0,
    "protein_iptm": 0.9391704797744751,
    "complex_plddt": 0.9217644929885864,
    "complex_iplddt": 0.8924534916877747,
    "complex_pde": 0.3160955011844635,
    "complex_ipde": 0.6275182962417603,
    "chains_ptm": {
        "0": 0.9900630712509155,
        "1": 0.9882826805114746,
        "2": 0.9822512269020081
    },
    "pair_chains_iptm": {
        "0": {
            "0": 0.9900630712509155,
            "1": 0.9725601077079773,
            "2": 0.9114059209823608
        },
        "1": {
            "0": 0.9715878367424011,
            "1": 0.9882826805114746,
            "2": 0.8997175097465515
        },
        "2": {
            "0": 0.9054582118988037,
            "1": 0.9019637703895569,
            "2": 0.9822512269020081
        }
    }
}