{
    "confidence_score": 0.9197641611099243,
    "ptm": 0.9350847005844116,
    "iptm": 0.9039272665977478,
    "ligand_iptm": 0.0,
    "protein_iptm": 0.9039272665977478,
    "complex_plddt": 0.9237233996391296,
    "complex_iplddt": 0.8970677256584167,
    "complex_pde": 0.3341812193393707,
    "complex_ipde": 0.9727163910865784,
    "chains_ptm": {
        "0": 0.9918261766433716,
        "1": 0.9906834959983826,
        "2": 0.9836773872375488
    },
    "pair_chains_iptm": {
        "0": {
            "0": 0.9918261766433716,
            "1": 0.9766170978546143,
            "2": 0.8326448202133179
        },
        "1": {
            "0": 0.9768056273460388,
            "1": 0.9906834959983826,
            "2": 0.8156278729438782
        },
        "2": {
            "0": 0.8295578360557556,
            "1": 0.8219209313392639,
            "2": 0.9836773872375488
        }
    }
}