{
    "confidence_score": 0.8149992227554321,
    "ptm": 0.5382840633392334,
    "iptm": 0.4096123278141022,
    "ligand_iptm": 0.0,
    "protein_iptm": 0.4096123278141022,
    "complex_plddt": 0.9163459539413452,
    "complex_iplddt": 0.9295193552970886,
    "complex_pde": 0.7936244606971741,
    "complex_ipde": 8.223797798156738,
    "chains_ptm": {
        "0": 0.9892057180404663,
        "1": 0.9924260377883911,
        "2": 0.7776733040809631
    },
    "pair_chains_iptm": {
        "0": {
            "0": 0.9892057180404663,
            "1": 0.9559710025787354,
            "2": 0.2849254906177521
        },
        "1": {
            "0": 0.9545074701309204,
            "1": 0.9924260377883911,
            "2": 0.2622014284133911
        },
        "2": {
            "0": 0.21672850847244263,
            "1": 0.21589508652687073,
            "2": 0.7776733040809631
        }
    }
}