{
    "confidence_score": 0.756183385848999,
    "ptm": 0.6281055808067322,
    "iptm": 0.32653918862342834,
    "ligand_iptm": 0.0,
    "protein_iptm": 0.32653918862342834,
    "complex_plddt": 0.8635944128036499,
    "complex_iplddt": 0.837429940700531,
    "complex_pde": 0.8457414507865906,
    "complex_ipde": 9.221290588378906,
    "chains_ptm": {
        "0": 0.9851587414741516,
        "1": 0.9886744618415833,
        "2": 0.856751561164856
    },
    "pair_chains_iptm": {
        "0": {
            "0": 0.9851587414741516,
            "1": 0.9274272322654724,
            "2": 0.1724889576435089
        },
        "1": {
            "0": 0.9344235062599182,
            "1": 0.9886744618415833,
            "2": 0.16515980660915375
        },
        "2": {
            "0": 0.17148737609386444,
            "1": 0.18191778659820557,
            "2": 0.856751561164856
        }
    }
}