{
    "confidence_score": 0.9429594278335571,
    "ptm": 0.96454256772995,
    "iptm": 0.9511772990226746,
    "ligand_iptm": 0.0,
    "protein_iptm": 0.9511772990226746,
    "complex_plddt": 0.9409049153327942,
    "complex_iplddt": 0.9197685718536377,
    "complex_pde": 0.301972359418869,
    "complex_ipde": 0.6370068788528442,
    "chains_ptm": {
        "0": 0.9920832514762878,
        "1": 0.9930216670036316,
        "2": 0.9799867272377014
    },
    "pair_chains_iptm": {
        "0": {
            "0": 0.9920832514762878,
            "1": 0.9772277474403381,
            "2": 0.8934271931648254
        },
        "1": {
            "0": 0.9762221574783325,
            "1": 0.9930216670036316,
            "2": 0.9057697653770447
        },
        "2": {
            "0": 0.9139175415039062,
            "1": 0.9238908290863037,
            "2": 0.9799867272377014
        }
    }
}