{
    "confidence_score": 0.8388383984565735,
    "ptm": 0.5800058245658875,
    "iptm": 0.46657243371009827,
    "ligand_iptm": 0.0,
    "protein_iptm": 0.46657243371009827,
    "complex_plddt": 0.9319048523902893,
    "complex_iplddt": 0.9515873789787292,
    "complex_pde": 0.7324906587600708,
    "complex_ipde": 6.687617778778076,
    "chains_ptm": {
        "0": 0.9882121086120605,
        "1": 0.9914290308952332,
        "2": 0.7664448022842407
    },
    "pair_chains_iptm": {
        "0": {
            "0": 0.9882121086120605,
            "1": 0.953467607498169,
            "2": 0.42325928807258606
        },
        "1": {
            "0": 0.9543805718421936,
            "1": 0.9914290308952332,
            "2": 0.41858628392219543
        },
        "2": {
            "0": 0.29353463649749756,
            "1": 0.2954205870628357,
            "2": 0.7664448022842407
        }
    }
}