{
    "confidence_score": 0.8375682234764099,
    "ptm": 0.6389795541763306,
    "iptm": 0.5129422545433044,
    "ligand_iptm": 0.0,
    "protein_iptm": 0.5129422545433044,
    "complex_plddt": 0.9187247157096863,
    "complex_iplddt": 0.8878298401832581,
    "complex_pde": 0.7092825174331665,
    "complex_ipde": 7.134032249450684,
    "chains_ptm": {
        "0": 0.983288049697876,
        "1": 0.9901376366615295,
        "2": 0.7871363759040833
    },
    "pair_chains_iptm": {
        "0": {
            "0": 0.983288049697876,
            "1": 0.9562106728553772,
            "2": 0.2578778862953186
        },
        "1": {
            "0": 0.9590856432914734,
            "1": 0.9901376366615295,
            "2": 0.23909898102283478
        },
        "2": {
            "0": 0.21169812977313995,
            "1": 0.21500888466835022,
            "2": 0.7871363759040833
        }
    }
}