{
    "confidence_score": 0.9067317843437195,
    "ptm": 0.7848439812660217,
    "iptm": 0.7557592391967773,
    "ligand_iptm": 0.0,
    "protein_iptm": 0.7557592391967773,
    "complex_plddt": 0.9444748759269714,
    "complex_iplddt": 0.9430579543113708,
    "complex_pde": 0.40522825717926025,
    "complex_ipde": 1.949445366859436,
    "chains_ptm": {
        "0": 0.9884493947029114,
        "1": 0.9899812936782837,
        "2": 0.8423532247543335
    },
    "pair_chains_iptm": {
        "0": {
            "0": 0.9884493947029114,
            "1": 0.9666664600372314,
            "2": 0.74131178855896
        },
        "1": {
            "0": 0.9658963680267334,
            "1": 0.9899812936782837,
            "2": 0.7718271613121033
        },
        "2": {
            "0": 0.5637076497077942,
            "1": 0.5660014748573303,
            "2": 0.8423532247543335
        }
    }
}