{
    "confidence_score": 0.9469470977783203,
    "ptm": 0.9597529768943787,
    "iptm": 0.9446951150894165,
    "ligand_iptm": 0.0,
    "protein_iptm": 0.9446951150894165,
    "complex_plddt": 0.9475100636482239,
    "complex_iplddt": 0.9288322925567627,
    "complex_pde": 0.30972084403038025,
    "complex_ipde": 0.6523383855819702,
    "chains_ptm": {
        "0": 0.9911690950393677,
        "1": 0.9918386340141296,
        "2": 0.9765175580978394
    },
    "pair_chains_iptm": {
        "0": {
            "0": 0.9911690950393677,
            "1": 0.9741507768630981,
            "2": 0.8913976550102234
        },
        "1": {
            "0": 0.9729762673377991,
            "1": 0.9918386340141296,
            "2": 0.891021192073822
        },
        "2": {
            "0": 0.9100926518440247,
            "1": 0.9136136174201965,
            "2": 0.9765175580978394
        }
    }
}