{
    "confidence_score": 0.8441739082336426,
    "ptm": 0.7824999690055847,
    "iptm": 0.6866058707237244,
    "ligand_iptm": 0.0,
    "protein_iptm": 0.6866058707237244,
    "complex_plddt": 0.8835659623146057,
    "complex_iplddt": 0.8449221849441528,
    "complex_pde": 0.7363615036010742,
    "complex_ipde": 4.805630683898926,
    "chains_ptm": {
        "0": 0.9879711270332336,
        "1": 0.9901611804962158,
        "2": 0.8732876777648926
    },
    "pair_chains_iptm": {
        "0": {
            "0": 0.9879711270332336,
            "1": 0.9648647308349609,
            "2": 0.5085859894752502
        },
        "1": {
            "0": 0.9639720320701599,
            "1": 0.9901611804962158,
            "2": 0.5028732419013977
        },
        "2": {
            "0": 0.3919413089752197,
            "1": 0.39572909474372864,
            "2": 0.8732876777648926
        }
    }
}