{
    "confidence_score": 0.8232904672622681,
    "ptm": 0.600752055644989,
    "iptm": 0.46065059304237366,
    "ligand_iptm": 0.0,
    "protein_iptm": 0.46065059304237366,
    "complex_plddt": 0.9139503836631775,
    "complex_iplddt": 0.8786126971244812,
    "complex_pde": 0.7945874929428101,
    "complex_ipde": 8.48374080657959,
    "chains_ptm": {
        "0": 0.9789027571678162,
        "1": 0.9889009594917297,
        "2": 0.8090564012527466
    },
    "pair_chains_iptm": {
        "0": {
            "0": 0.9789027571678162,
            "1": 0.9481339454650879,
            "2": 0.1337275356054306
        },
        "1": {
            "0": 0.9525080323219299,
            "1": 0.9889009594917297,
            "2": 0.11891604959964752
        },
        "2": {
            "0": 0.12445543706417084,
            "1": 0.12694257497787476,
            "2": 0.8090564012527466
        }
    }
}