{
    "confidence_score": 0.8346107602119446,
    "ptm": 0.6302230358123779,
    "iptm": 0.4982508718967438,
    "ligand_iptm": 0.0,
    "protein_iptm": 0.4982508718967438,
    "complex_plddt": 0.9187006950378418,
    "complex_iplddt": 0.8866997957229614,
    "complex_pde": 0.7329028248786926,
    "complex_ipde": 7.4588422775268555,
    "chains_ptm": {
        "0": 0.9812873005867004,
        "1": 0.9886830449104309,
        "2": 0.8005801439285278
    },
    "pair_chains_iptm": {
        "0": {
            "0": 0.9812873005867004,
            "1": 0.9516332745552063,
            "2": 0.2300628125667572
        },
        "1": {
            "0": 0.9564461708068848,
            "1": 0.9886830449104309,
            "2": 0.21372495591640472
        },
        "2": {
            "0": 0.19650602340698242,
            "1": 0.19283698499202728,
            "2": 0.8005801439285278
        }
    }
}