{
    "confidence_score": 0.7569810748100281,
    "ptm": 0.6354162096977234,
    "iptm": 0.3000921308994293,
    "ligand_iptm": 0.0,
    "protein_iptm": 0.3000921308994293,
    "complex_plddt": 0.8712033033370972,
    "complex_iplddt": 0.8650330305099487,
    "complex_pde": 0.84335857629776,
    "complex_ipde": 10.272048950195312,
    "chains_ptm": {
        "0": 0.9827349781990051,
        "1": 0.987984299659729,
        "2": 0.8833234310150146
    },
    "pair_chains_iptm": {
        "0": {
            "0": 0.9827349781990051,
            "1": 0.929766833782196,
            "2": 0.12876513600349426
        },
        "1": {
            "0": 0.9302823543548584,
            "1": 0.987984299659729,
            "2": 0.12456488609313965
        },
        "2": {
            "0": 0.1456564962863922,
            "1": 0.14625883102416992,
            "2": 0.8833234310150146
        }
    }
}