{
    "confidence_score": 0.9463378190994263,
    "ptm": 0.9623467922210693,
    "iptm": 0.9482113122940063,
    "ligand_iptm": 0.0,
    "protein_iptm": 0.9482113122940063,
    "complex_plddt": 0.9458693861961365,
    "complex_iplddt": 0.9221214652061462,
    "complex_pde": 0.30598393082618713,
    "complex_ipde": 0.683505654335022,
    "chains_ptm": {
        "0": 0.9917485117912292,
        "1": 0.9924672245979309,
        "2": 0.9795664548873901
    },
    "pair_chains_iptm": {
        "0": {
            "0": 0.9917485117912292,
            "1": 0.976129949092865,
            "2": 0.8929035067558289
        },
        "1": {
            "0": 0.9749950766563416,
            "1": 0.9924672245979309,
            "2": 0.8998635411262512
        },
        "2": {
            "0": 0.9120875597000122,
            "1": 0.919117271900177,
            "2": 0.9795664548873901
        }
    }
}