{
    "confidence_score": 0.9011138081550598,
    "ptm": 0.8959868550300598,
    "iptm": 0.8454889059066772,
    "ligand_iptm": 0.0,
    "protein_iptm": 0.8454889059066772,
    "complex_plddt": 0.9150199890136719,
    "complex_iplddt": 0.8747672438621521,
    "complex_pde": 0.4303087592124939,
    "complex_ipde": 1.636887550354004,
    "chains_ptm": {
        "0": 0.9859223365783691,
        "1": 0.9805477261543274,
        "2": 0.9736947417259216
    },
    "pair_chains_iptm": {
        "0": {
            "0": 0.9859223365783691,
            "1": 0.9608990550041199,
            "2": 0.7174732089042664
        },
        "1": {
            "0": 0.956583559513092,
            "1": 0.9805477261543274,
            "2": 0.6828290820121765
        },
        "2": {
            "0": 0.7310577630996704,
            "1": 0.7121999263763428,
            "2": 0.9736947417259216
        }
    }
}