{
    "confidence_score": 0.7778436541557312,
    "ptm": 0.6538571715354919,
    "iptm": 0.3649599850177765,
    "ligand_iptm": 0.0,
    "protein_iptm": 0.3649599850177765,
    "complex_plddt": 0.8810645937919617,
    "complex_iplddt": 0.8723403811454773,
    "complex_pde": 0.8434119820594788,
    "complex_ipde": 9.348234176635742,
    "chains_ptm": {
        "0": 0.9837382435798645,
        "1": 0.9885432720184326,
        "2": 0.8692148327827454
    },
    "pair_chains_iptm": {
        "0": {
            "0": 0.9837382435798645,
            "1": 0.9380689263343811,
            "2": 0.22147364914417267
        },
        "1": {
            "0": 0.9348635673522949,
            "1": 0.9885432720184326,
            "2": 0.22624921798706055
        },
        "2": {
            "0": 0.22487612068653107,
            "1": 0.22842715680599213,
            "2": 0.8692148327827454
        }
    }
}