{
    "confidence_score": 0.8470295071601868,
    "ptm": 0.8590111136436462,
    "iptm": 0.79585200548172,
    "ligand_iptm": 0.0,
    "protein_iptm": 0.79585200548172,
    "complex_plddt": 0.8598238229751587,
    "complex_iplddt": 0.807902455329895,
    "complex_pde": 0.5739928483963013,
    "complex_ipde": 3.5467586517333984,
    "chains_ptm": {
        "0": 0.9902679324150085,
        "1": 0.9915736317634583,
        "2": 0.934212327003479
    },
    "pair_chains_iptm": {
        "0": {
            "0": 0.9902679324150085,
            "1": 0.9716646075248718,
            "2": 0.5882492065429688
        },
        "1": {
            "0": 0.9695045351982117,
            "1": 0.9915736317634583,
            "2": 0.5693191885948181
        },
        "2": {
            "0": 0.6110461950302124,
            "1": 0.6090511083602905,
            "2": 0.934212327003479
        }
    }
}