{
    "confidence_score": 0.905433177947998,
    "ptm": 0.9213563799858093,
    "iptm": 0.883571207523346,
    "ligand_iptm": 0.0,
    "protein_iptm": 0.883571207523346,
    "complex_plddt": 0.9108986258506775,
    "complex_iplddt": 0.8717884421348572,
    "complex_pde": 0.37183845043182373,
    "complex_ipde": 1.2612559795379639,
    "chains_ptm": {
        "0": 0.9893354177474976,
        "1": 0.9873488545417786,
        "2": 0.9811476469039917
    },
    "pair_chains_iptm": {
        "0": {
            "0": 0.9893354177474976,
            "1": 0.9704832434654236,
            "2": 0.7914115786552429
        },
        "1": {
            "0": 0.9698660969734192,
            "1": 0.9873488545417786,
            "2": 0.7731991410255432
        },
        "2": {
            "0": 0.7960838079452515,
            "1": 0.7877547740936279,
            "2": 0.9811476469039917
        }
    }
}