{
    "confidence_score": 0.7091493606567383,
    "ptm": 0.7874908447265625,
    "iptm": 0.5411046743392944,
    "ligand_iptm": 0.0,
    "protein_iptm": 0.5411046743392944,
    "complex_plddt": 0.7511605620384216,
    "complex_iplddt": 0.7866589426994324,
    "complex_pde": 0.7693637013435364,
    "complex_ipde": 5.172420978546143,
    "chains_ptm": {
        "0": 0.9884092211723328,
        "1": 0.9875798225402832,
        "2": 0.909935712814331
    },
    "pair_chains_iptm": {
        "0": {
            "0": 0.9884092211723328,
            "1": 0.9453385472297668,
            "2": 0.546825647354126
        },
        "1": {
            "0": 0.9445151090621948,
            "1": 0.9875798225402832,
            "2": 0.536952018737793
        },
        "2": {
            "0": 0.41556352376937866,
            "1": 0.4143238961696625,
            "2": 0.909935712814331
        }
    }
}