{
    "confidence_score": 0.9493479132652283,
    "ptm": 0.9464813470840454,
    "iptm": 0.9482263922691345,
    "ligand_iptm": 0.0,
    "protein_iptm": 0.9482263922691345,
    "complex_plddt": 0.9496282339096069,
    "complex_iplddt": 0.9574816823005676,
    "complex_pde": 0.32798418402671814,
    "complex_ipde": 0.49942243099212646,
    "chains_ptm": {
        "0": 0.9919649362564087,
        "1": 0.991441011428833,
        "2": 0.9559006094932556
    },
    "pair_chains_iptm": {
        "0": {
            "0": 0.9919649362564087,
            "1": 0.9755653738975525,
            "2": 0.9463275671005249
        },
        "1": {
            "0": 0.9736848473548889,
            "1": 0.991441011428833,
            "2": 0.9507347345352173
        },
        "2": {
            "0": 0.8783740997314453,
            "1": 0.898566484451294,
            "2": 0.9559006094932556
        }
    }
}