{
    "confidence_score": 0.8725113272666931,
    "ptm": 0.9683468341827393,
    "iptm": 0.9554710984230042,
    "ligand_iptm": 0.0,
    "protein_iptm": 0.9554710984230042,
    "complex_plddt": 0.8517712950706482,
    "complex_iplddt": 0.8038742542266846,
    "complex_pde": 0.2913983464241028,
    "complex_ipde": 0.6375104784965515,
    "chains_ptm": {
        "0": 0.9948701858520508,
        "1": 0.9957069754600525,
        "2": 0.979800283908844
    },
    "pair_chains_iptm": {
        "0": {
            "0": 0.9948701858520508,
            "1": 0.9862728714942932,
            "2": 0.9187604784965515
        },
        "1": {
            "0": 0.9860418438911438,
            "1": 0.9957069754600525,
            "2": 0.9135945439338684
        },
        "2": {
            "0": 0.9206288456916809,
            "1": 0.9227442741394043,
            "2": 0.979800283908844
        }
    }
}