{
    "confidence_score": 0.8833644986152649,
    "ptm": 0.7260775566101074,
    "iptm": 0.6374703645706177,
    "ligand_iptm": 0.0,
    "protein_iptm": 0.6374703645706177,
    "complex_plddt": 0.9448379874229431,
    "complex_iplddt": 0.9481626152992249,
    "complex_pde": 0.48049992322921753,
    "complex_ipde": 3.1648435592651367,
    "chains_ptm": {
        "0": 0.9866788983345032,
        "1": 0.9881781935691833,
        "2": 0.826074481010437
    },
    "pair_chains_iptm": {
        "0": {
            "0": 0.9866788983345032,
            "1": 0.9589726328849792,
            "2": 0.5839494466781616
        },
        "1": {
            "0": 0.9601481556892395,
            "1": 0.9881781935691833,
            "2": 0.6101526021957397
        },
        "2": {
            "0": 0.43735307455062866,
            "1": 0.4506334662437439,
            "2": 0.826074481010437
        }
    }
}