{
    "confidence_score": 0.9038916826248169,
    "ptm": 0.826218843460083,
    "iptm": 0.8103300929069519,
    "ligand_iptm": 0.0,
    "protein_iptm": 0.8103300929069519,
    "complex_plddt": 0.9272820353507996,
    "complex_iplddt": 0.9079185128211975,
    "complex_pde": 0.40753287076950073,
    "complex_ipde": 1.9673386812210083,
    "chains_ptm": {
        "0": 0.9861556887626648,
        "1": 0.9912171959877014,
        "2": 0.8106575608253479
    },
    "pair_chains_iptm": {
        "0": {
            "0": 0.9861556887626648,
            "1": 0.96550452709198,
            "2": 0.809715986251831
        },
        "1": {
            "0": 0.9664934873580933,
            "1": 0.9912171959877014,
            "2": 0.8110253214836121
        },
        "2": {
            "0": 0.6235322952270508,
            "1": 0.6363614797592163,
            "2": 0.8106575608253479
        }
    }
}