{
    "confidence_score": 0.8550891876220703,
    "ptm": 0.7142755389213562,
    "iptm": 0.616072416305542,
    "ligand_iptm": 0.0,
    "protein_iptm": 0.616072416305542,
    "complex_plddt": 0.9148434400558472,
    "complex_iplddt": 0.8796607255935669,
    "complex_pde": 0.5840222835540771,
    "complex_ipde": 4.876538276672363,
    "chains_ptm": {
        "0": 0.9824729561805725,
        "1": 0.9897215962409973,
        "2": 0.8038075566291809
    },
    "pair_chains_iptm": {
        "0": {
            "0": 0.9824729561805725,
            "1": 0.9563233256340027,
            "2": 0.46330106258392334
        },
        "1": {
            "0": 0.9600173234939575,
            "1": 0.9897215962409973,
            "2": 0.4472290873527527
        },
        "2": {
            "0": 0.3805583417415619,
            "1": 0.3872462511062622,
            "2": 0.8038075566291809
        }
    }
}