{
    "confidence_score": 0.8691272735595703,
    "ptm": 0.8582611680030823,
    "iptm": 0.7949400544166565,
    "ligand_iptm": 0.0,
    "protein_iptm": 0.7949400544166565,
    "complex_plddt": 0.88767409324646,
    "complex_iplddt": 0.8598780035972595,
    "complex_pde": 0.5670569539070129,
    "complex_ipde": 3.37503981590271,
    "chains_ptm": {
        "0": 0.990713894367218,
        "1": 0.9920519590377808,
        "2": 0.9224237203598022
    },
    "pair_chains_iptm": {
        "0": {
            "0": 0.990713894367218,
            "1": 0.9733397960662842,
            "2": 0.6688330173492432
        },
        "1": {
            "0": 0.9726142287254333,
            "1": 0.9920519590377808,
            "2": 0.6621780395507812
        },
        "2": {
            "0": 0.6051435470581055,
            "1": 0.6111479997634888,
            "2": 0.9224237203598022
        }
    }
}