{
    "confidence_score": 0.7730444669723511,
    "ptm": 0.6765199303627014,
    "iptm": 0.43220892548561096,
    "ligand_iptm": 0.0,
    "protein_iptm": 0.43220892548561096,
    "complex_plddt": 0.8582533001899719,
    "complex_iplddt": 0.8088153004646301,
    "complex_pde": 0.8037793040275574,
    "complex_ipde": 7.721973419189453,
    "chains_ptm": {
        "0": 0.9855048656463623,
        "1": 0.9891241192817688,
        "2": 0.861501932144165
    },
    "pair_chains_iptm": {
        "0": {
            "0": 0.9855048656463623,
            "1": 0.9434844255447388,
            "2": 0.292887419462204
        },
        "1": {
            "0": 0.9399776458740234,
            "1": 0.9891241192817688,
            "2": 0.30770042538642883
        },
        "2": {
            "0": 0.2987111210823059,
            "1": 0.3144640028476715,
            "2": 0.861501932144165
        }
    }
}