{
    "confidence_score": 0.8839749693870544,
    "ptm": 0.733770489692688,
    "iptm": 0.6478169560432434,
    "ligand_iptm": 0.0,
    "protein_iptm": 0.6478169560432434,
    "complex_plddt": 0.9430144429206848,
    "complex_iplddt": 0.9421482086181641,
    "complex_pde": 0.47095543146133423,
    "complex_ipde": 3.108970880508423,
    "chains_ptm": {
        "0": 0.9871065616607666,
        "1": 0.987938404083252,
        "2": 0.8312872648239136
    },
    "pair_chains_iptm": {
        "0": {
            "0": 0.9871065616607666,
            "1": 0.9591292142868042,
            "2": 0.6035217046737671
        },
        "1": {
            "0": 0.9603250622749329,
            "1": 0.987938404083252,
            "2": 0.6234464049339294
        },
        "2": {
            "0": 0.46411094069480896,
            "1": 0.466299831867218,
            "2": 0.8312872648239136
        }
    }
}