{
    "confidence_score": 0.9120804071426392,
    "ptm": 0.9333657026290894,
    "iptm": 0.9037454128265381,
    "ligand_iptm": 0.0,
    "protein_iptm": 0.9037454128265381,
    "complex_plddt": 0.9141641855239868,
    "complex_iplddt": 0.8737668991088867,
    "complex_pde": 0.3590731620788574,
    "complex_ipde": 1.081060528755188,
    "chains_ptm": {
        "0": 0.9892535209655762,
        "1": 0.9876816272735596,
        "2": 0.9808863997459412
    },
    "pair_chains_iptm": {
        "0": {
            "0": 0.9892535209655762,
            "1": 0.9702629446983337,
            "2": 0.8227648735046387
        },
        "1": {
            "0": 0.969673216342926,
            "1": 0.9876816272735596,
            "2": 0.8097782135009766
        },
        "2": {
            "0": 0.83344566822052,
            "1": 0.828490138053894,
            "2": 0.9808863997459412
        }
    }
}