{
    "confidence_score": 0.7675439119338989,
    "ptm": 0.6464956402778625,
    "iptm": 0.3493148386478424,
    "ligand_iptm": 0.0,
    "protein_iptm": 0.3493148386478424,
    "complex_plddt": 0.8721011281013489,
    "complex_iplddt": 0.8667629957199097,
    "complex_pde": 0.8766734004020691,
    "complex_ipde": 9.67076587677002,
    "chains_ptm": {
        "0": 0.9846333265304565,
        "1": 0.9882431626319885,
        "2": 0.8643437623977661
    },
    "pair_chains_iptm": {
        "0": {
            "0": 0.9846333265304565,
            "1": 0.9372199177742004,
            "2": 0.2023923099040985
        },
        "1": {
            "0": 0.9366194009780884,
            "1": 0.9882431626319885,
            "2": 0.20533914864063263
        },
        "2": {
            "0": 0.2063559591770172,
            "1": 0.20776799321174622,
            "2": 0.8643437623977661
        }
    }
}