{
    "confidence_score": 0.868651807308197,
    "ptm": 0.7836087942123413,
    "iptm": 0.6885021924972534,
    "ligand_iptm": 0.0,
    "protein_iptm": 0.6885021924972534,
    "complex_plddt": 0.913689136505127,
    "complex_iplddt": 0.8958421349525452,
    "complex_pde": 0.7493960857391357,
    "complex_ipde": 4.884335517883301,
    "chains_ptm": {
        "0": 0.9875146746635437,
        "1": 0.9897083044052124,
        "2": 0.8714885115623474
    },
    "pair_chains_iptm": {
        "0": {
            "0": 0.9875146746635437,
            "1": 0.9630276560783386,
            "2": 0.5142600536346436
        },
        "1": {
            "0": 0.9620265364646912,
            "1": 0.9897083044052124,
            "2": 0.5129773020744324
        },
        "2": {
            "0": 0.39458736777305603,
            "1": 0.4018649756908417,
            "2": 0.8714885115623474
        }
    }
}