{
    "confidence_score": 0.9439695477485657,
    "ptm": 0.9414073824882507,
    "iptm": 0.9501709938049316,
    "ligand_iptm": 0.0,
    "protein_iptm": 0.9501709938049316,
    "complex_plddt": 0.942419171333313,
    "complex_iplddt": 0.9548859596252441,
    "complex_pde": 0.360628604888916,
    "complex_ipde": 0.4801892638206482,
    "chains_ptm": {
        "0": 0.9920783638954163,
        "1": 0.9913724064826965,
        "2": 0.943971574306488
    },
    "pair_chains_iptm": {
        "0": {
            "0": 0.9920783638954163,
            "1": 0.9754990339279175,
            "2": 0.9493218064308167
        },
        "1": {
            "0": 0.9735382795333862,
            "1": 0.9913724064826965,
            "2": 0.951572060585022
        },
        "2": {
            "0": 0.8747251033782959,
            "1": 0.8916170001029968,
            "2": 0.943971574306488
        }
    }
}