{
    "confidence_score": 0.9388524293899536,
    "ptm": 0.9372689723968506,
    "iptm": 0.9484288096427917,
    "ligand_iptm": 0.0,
    "protein_iptm": 0.9484288096427917,
    "complex_plddt": 0.9364583492279053,
    "complex_iplddt": 0.9519191384315491,
    "complex_pde": 0.37482964992523193,
    "complex_ipde": 0.5063299536705017,
    "chains_ptm": {
        "0": 0.9921686053276062,
        "1": 0.9908466935157776,
        "2": 0.9375426173210144
    },
    "pair_chains_iptm": {
        "0": {
            "0": 0.9921686053276062,
            "1": 0.9753833413124084,
            "2": 0.9472634792327881
        },
        "1": {
            "0": 0.9729321002960205,
            "1": 0.9908466935157776,
            "2": 0.9504000544548035
        },
        "2": {
            "0": 0.8682820796966553,
            "1": 0.8851233720779419,
            "2": 0.9375426173210144
        }
    }
}