{
    "confidence_score": 0.9199584126472473,
    "ptm": 0.9504529237747192,
    "iptm": 0.931205153465271,
    "ligand_iptm": 0.0,
    "protein_iptm": 0.931205153465271,
    "complex_plddt": 0.9171466827392578,
    "complex_iplddt": 0.8789050579071045,
    "complex_pde": 0.321981817483902,
    "complex_ipde": 0.7883860468864441,
    "chains_ptm": {
        "0": 0.9912927746772766,
        "1": 0.9905515313148499,
        "2": 0.9839774966239929
    },
    "pair_chains_iptm": {
        "0": {
            "0": 0.9912927746772766,
            "1": 0.9764159917831421,
            "2": 0.8775891661643982
        },
        "1": {
            "0": 0.9763608574867249,
            "1": 0.9905515313148499,
            "2": 0.8751152157783508
        },
        "2": {
            "0": 0.878777801990509,
            "1": 0.8806657195091248,
            "2": 0.9839774966239929
        }
    }
}