{
    "confidence_score": 0.9454030394554138,
    "ptm": 0.9684591293334961,
    "iptm": 0.9569092392921448,
    "ligand_iptm": 0.0,
    "protein_iptm": 0.9569092392921448,
    "complex_plddt": 0.9425264000892639,
    "complex_iplddt": 0.9174243211746216,
    "complex_pde": 0.2919139862060547,
    "complex_ipde": 0.5063775181770325,
    "chains_ptm": {
        "0": 0.9926925301551819,
        "1": 0.9930698275566101,
        "2": 0.9805914759635925
    },
    "pair_chains_iptm": {
        "0": {
            "0": 0.9926925301551819,
            "1": 0.9785624742507935,
            "2": 0.912149965763092
        },
        "1": {
            "0": 0.9777418971061707,
            "1": 0.9930698275566101,
            "2": 0.9167096018791199
        },
        "2": {
            "0": 0.9297109246253967,
            "1": 0.9345677495002747,
            "2": 0.9805914759635925
        }
    }
}