{
    "confidence_score": 0.688759982585907,
    "ptm": 0.4886820316314697,
    "iptm": 0.36877715587615967,
    "ligand_iptm": 0.0,
    "protein_iptm": 0.36877715587615967,
    "complex_plddt": 0.7687557339668274,
    "complex_iplddt": 0.8074865937232971,
    "complex_pde": 1.569000482559204,
    "complex_ipde": 7.322247505187988,
    "chains_ptm": {
        "0": 0.9815630316734314,
        "1": 0.9807888269424438,
        "2": 0.5981220006942749
    },
    "pair_chains_iptm": {
        "0": {
            "0": 0.9815630316734314,
            "1": 0.9210793375968933,
            "2": 0.3448142409324646
        },
        "1": {
            "0": 0.9271804094314575,
            "1": 0.9807888269424438,
            "2": 0.30997833609580994
        },
        "2": {
            "0": 0.2792298197746277,
            "1": 0.262050598859787,
            "2": 0.5981220006942749
        }
    }
}