{
    "confidence_score": 0.8368542790412903,
    "ptm": 0.5755429863929749,
    "iptm": 0.43482884764671326,
    "ligand_iptm": 0.0,
    "protein_iptm": 0.43482884764671326,
    "complex_plddt": 0.9373606443405151,
    "complex_iplddt": 0.9435333609580994,
    "complex_pde": 0.6055651903152466,
    "complex_ipde": 6.419313907623291,
    "chains_ptm": {
        "0": 0.98841792345047,
        "1": 0.9897951483726501,
        "2": 0.8540022969245911
    },
    "pair_chains_iptm": {
        "0": {
            "0": 0.98841792345047,
            "1": 0.9631390571594238,
            "2": 0.11953283846378326
        },
        "1": {
            "0": 0.9633283019065857,
            "1": 0.9897951483726501,
            "2": 0.1446593850851059
        },
        "2": {
            "0": 0.11653698980808258,
            "1": 0.12218637764453888,
            "2": 0.8540022969245911
        }
    }
}