{
    "confidence_score": 0.6706139445304871,
    "ptm": 0.6329604983329773,
    "iptm": 0.38933825492858887,
    "ligand_iptm": 0.0,
    "protein_iptm": 0.38933825492858887,
    "complex_plddt": 0.7409328818321228,
    "complex_iplddt": 0.7756949663162231,
    "complex_pde": 1.5751904249191284,
    "complex_ipde": 7.945677280426025,
    "chains_ptm": {
        "0": 0.9854735732078552,
        "1": 0.985242486000061,
        "2": 0.7625550031661987
    },
    "pair_chains_iptm": {
        "0": {
            "0": 0.9854735732078552,
            "1": 0.9320098161697388,
            "2": 0.36335963010787964
        },
        "1": {
            "0": 0.9296791553497314,
            "1": 0.985242486000061,
            "2": 0.35830390453338623
        },
        "2": {
            "0": 0.2729042172431946,
            "1": 0.26950201392173767,
            "2": 0.7625550031661987
        }
    }
}