{
    "confidence_score": 0.6934760212898254,
    "ptm": 0.7623432874679565,
    "iptm": 0.4918020963668823,
    "ligand_iptm": 0.0,
    "protein_iptm": 0.4918020963668823,
    "complex_plddt": 0.7438945174217224,
    "complex_iplddt": 0.7846313118934631,
    "complex_pde": 0.8480261564254761,
    "complex_ipde": 6.302427291870117,
    "chains_ptm": {
        "0": 0.988781213760376,
        "1": 0.9871492385864258,
        "2": 0.9076810479164124
    },
    "pair_chains_iptm": {
        "0": {
            "0": 0.988781213760376,
            "1": 0.9473422765731812,
            "2": 0.4550972878932953
        },
        "1": {
            "0": 0.9423754811286926,
            "1": 0.9871492385864258,
            "2": 0.46326062083244324
        },
        "2": {
            "0": 0.39071089029312134,
            "1": 0.39065468311309814,
            "2": 0.9076810479164124
        }
    }
}