{
    "confidence_score": 0.664618730545044,
    "ptm": 0.6825259327888489,
    "iptm": 0.3742663562297821,
    "ligand_iptm": 0.0,
    "protein_iptm": 0.3742663562297821,
    "complex_plddt": 0.7372068166732788,
    "complex_iplddt": 0.7796832919120789,
    "complex_pde": 1.107288122177124,
    "complex_ipde": 7.5767621994018555,
    "chains_ptm": {
        "0": 0.9874795079231262,
        "1": 0.9875272512435913,
        "2": 0.8643633723258972
    },
    "pair_chains_iptm": {
        "0": {
            "0": 0.9874795079231262,
            "1": 0.9338747262954712,
            "2": 0.2900395393371582
        },
        "1": {
            "0": 0.9385566711425781,
            "1": 0.9875272512435913,
            "2": 0.2938000559806824
        },
        "2": {
            "0": 0.24399186670780182,
            "1": 0.2497115284204483,
            "2": 0.8643633723258972
        }
    }
}