{
    "confidence_score": 0.94123375415802,
    "ptm": 0.9359437823295593,
    "iptm": 0.9458948373794556,
    "ligand_iptm": 0.0,
    "protein_iptm": 0.9458948373794556,
    "complex_plddt": 0.9400684833526611,
    "complex_iplddt": 0.9536267518997192,
    "complex_pde": 0.3747183084487915,
    "complex_ipde": 0.519423246383667,
    "chains_ptm": {
        "0": 0.991980791091919,
        "1": 0.9905335903167725,
        "2": 0.9371206164360046
    },
    "pair_chains_iptm": {
        "0": {
            "0": 0.991980791091919,
            "1": 0.9744365811347961,
            "2": 0.944394588470459
        },
        "1": {
            "0": 0.9726055264472961,
            "1": 0.9905335903167725,
            "2": 0.9474913477897644
        },
        "2": {
            "0": 0.8644092082977295,
            "1": 0.8840856552124023,
            "2": 0.9371206164360046
        }
    }
}