{
    "confidence_score": 0.656934380531311,
    "ptm": 0.6567389369010925,
    "iptm": 0.3133118450641632,
    "ligand_iptm": 0.0,
    "protein_iptm": 0.3133118450641632,
    "complex_plddt": 0.7428399920463562,
    "complex_iplddt": 0.8007830381393433,
    "complex_pde": 1.109742283821106,
    "complex_ipde": 9.085033416748047,
    "chains_ptm": {
        "0": 0.9798495769500732,
        "1": 0.9818178415298462,
        "2": 0.8784537315368652
    },
    "pair_chains_iptm": {
        "0": {
            "0": 0.9798495769500732,
            "1": 0.9205907583236694,
            "2": 0.15287388861179352
        },
        "1": {
            "0": 0.9191040992736816,
            "1": 0.9818178415298462,
            "2": 0.15831390023231506
        },
        "2": {
            "0": 0.17324788868427277,
            "1": 0.1803172528743744,
            "2": 0.8784537315368652
        }
    }
}