{
    "confidence_score": 0.9130056500434875,
    "ptm": 0.800024151802063,
    "iptm": 0.7867405414581299,
    "ligand_iptm": 0.0,
    "protein_iptm": 0.7867405414581299,
    "complex_plddt": 0.9445719718933105,
    "complex_iplddt": 0.9524685144424438,
    "complex_pde": 0.38701915740966797,
    "complex_ipde": 1.8511521816253662,
    "chains_ptm": {
        "0": 0.9893059134483337,
        "1": 0.9902190566062927,
        "2": 0.8547855615615845
    },
    "pair_chains_iptm": {
        "0": {
            "0": 0.9893059134483337,
            "1": 0.9678111672401428,
            "2": 0.7755600214004517
        },
        "1": {
            "0": 0.9672200679779053,
            "1": 0.9902190566062927,
            "2": 0.7991749048233032
        },
        "2": {
            "0": 0.6051682233810425,
            "1": 0.5970969796180725,
            "2": 0.8547855615615845
        }
    }
}