{
    "confidence_score": 0.8072078824043274,
    "ptm": 0.5330510139465332,
    "iptm": 0.4264031648635864,
    "ligand_iptm": 0.0,
    "protein_iptm": 0.4264031648635864,
    "complex_plddt": 0.9024090766906738,
    "complex_iplddt": 0.8986782431602478,
    "complex_pde": 0.8375430107116699,
    "complex_ipde": 7.8621602058410645,
    "chains_ptm": {
        "0": 0.9861027002334595,
        "1": 0.9895811676979065,
        "2": 0.7278221845626831
    },
    "pair_chains_iptm": {
        "0": {
            "0": 0.9861027002334595,
            "1": 0.9534419178962708,
            "2": 0.2844941318035126
        },
        "1": {
            "0": 0.9543173909187317,
            "1": 0.9895811676979065,
            "2": 0.270650714635849
        },
        "2": {
            "0": 0.2322332113981247,
            "1": 0.24177345633506775,
            "2": 0.7278221845626831
        }
    }
}