{
    "confidence_score": 0.916728138923645,
    "ptm": 0.9605551362037659,
    "iptm": 0.9442233443260193,
    "ligand_iptm": 0.0,
    "protein_iptm": 0.9442233443260193,
    "complex_plddt": 0.9098542928695679,
    "complex_iplddt": 0.9048027396202087,
    "complex_pde": 0.30750519037246704,
    "complex_ipde": 0.7217290997505188,
    "chains_ptm": {
        "0": 0.9932998418807983,
        "1": 0.9945428371429443,
        "2": 0.9707609415054321
    },
    "pair_chains_iptm": {
        "0": {
            "0": 0.9932998418807983,
            "1": 0.9822675585746765,
            "2": 0.9151251912117004
        },
        "1": {
            "0": 0.9811838269233704,
            "1": 0.9945428371429443,
            "2": 0.917671799659729
        },
        "2": {
            "0": 0.885631799697876,
            "1": 0.9044110774993896,
            "2": 0.9707609415054321
        }
    }
}