{
    "confidence_score": 0.7956153750419617,
    "ptm": 0.6993463039398193,
    "iptm": 0.5012768507003784,
    "ligand_iptm": 0.0,
    "protein_iptm": 0.5012768507003784,
    "complex_plddt": 0.8691999912261963,
    "complex_iplddt": 0.8437063097953796,
    "complex_pde": 0.7574176788330078,
    "complex_ipde": 7.225652694702148,
    "chains_ptm": {
        "0": 0.9846677780151367,
        "1": 0.9890743494033813,
        "2": 0.8674168586730957
    },
    "pair_chains_iptm": {
        "0": {
            "0": 0.9846677780151367,
            "1": 0.9438651204109192,
            "2": 0.4133501946926117
        },
        "1": {
            "0": 0.9441602230072021,
            "1": 0.9890743494033813,
            "2": 0.43061405420303345
        },
        "2": {
            "0": 0.36086583137512207,
            "1": 0.3966445326805115,
            "2": 0.8674168586730957
        }
    }
}