{
    "confidence_score": 0.8585940599441528,
    "ptm": 0.7117655873298645,
    "iptm": 0.6112722158432007,
    "ligand_iptm": 0.0,
    "protein_iptm": 0.6112722158432007,
    "complex_plddt": 0.9204245209693909,
    "complex_iplddt": 0.8877841234207153,
    "complex_pde": 0.592142641544342,
    "complex_ipde": 5.218708515167236,
    "chains_ptm": {
        "0": 0.9861297011375427,
        "1": 0.9907017946243286,
        "2": 0.7958643436431885
    },
    "pair_chains_iptm": {
        "0": {
            "0": 0.9861297011375427,
            "1": 0.9610156416893005,
            "2": 0.46268025040626526
        },
        "1": {
            "0": 0.9634867906570435,
            "1": 0.9907017946243286,
            "2": 0.4491610527038574
        },
        "2": {
            "0": 0.3719039857387543,
            "1": 0.38116690516471863,
            "2": 0.7958643436431885
        }
    }
}