{
    "confidence_score": 0.9401270151138306,
    "ptm": 0.9365798830986023,
    "iptm": 0.9468989372253418,
    "ligand_iptm": 0.0,
    "protein_iptm": 0.9468989372253418,
    "complex_plddt": 0.9384340047836304,
    "complex_iplddt": 0.9530012607574463,
    "complex_pde": 0.3765198588371277,
    "complex_ipde": 0.5131804347038269,
    "chains_ptm": {
        "0": 0.9918151497840881,
        "1": 0.9907206892967224,
        "2": 0.9374236464500427
    },
    "pair_chains_iptm": {
        "0": {
            "0": 0.9918151497840881,
            "1": 0.9743010997772217,
            "2": 0.9455732703208923
        },
        "1": {
            "0": 0.9725722074508667,
            "1": 0.9907206892967224,
            "2": 0.9491882920265198
        },
        "2": {
            "0": 0.8656768798828125,
            "1": 0.884681761264801,
            "2": 0.9374236464500427
        }
    }
}