{
    "confidence_score": 0.9243114590644836,
    "ptm": 0.9480308294296265,
    "iptm": 0.9237844944000244,
    "ligand_iptm": 0.0,
    "protein_iptm": 0.9237844944000244,
    "complex_plddt": 0.9244431853294373,
    "complex_iplddt": 0.892791211605072,
    "complex_pde": 0.3299867510795593,
    "complex_ipde": 0.8599796295166016,
    "chains_ptm": {
        "0": 0.991094708442688,
        "1": 0.9894770383834839,
        "2": 0.9839119911193848
    },
    "pair_chains_iptm": {
        "0": {
            "0": 0.991094708442688,
            "1": 0.9744520783424377,
            "2": 0.8664242625236511
        },
        "1": {
            "0": 0.9738398194313049,
            "1": 0.9894770383834839,
            "2": 0.8557950854301453
        },
        "2": {
            "0": 0.8734095096588135,
            "1": 0.8642006516456604,
            "2": 0.9839119911193848
        }
    }
}