{
    "confidence_score": 0.9480035901069641,
    "ptm": 0.9464192390441895,
    "iptm": 0.9565317630767822,
    "ligand_iptm": 0.0,
    "protein_iptm": 0.9565317630767822,
    "complex_plddt": 0.9458715319633484,
    "complex_iplddt": 0.9558718204498291,
    "complex_pde": 0.34241464734077454,
    "complex_ipde": 0.46003636717796326,
    "chains_ptm": {
        "0": 0.9928725957870483,
        "1": 0.9926274418830872,
        "2": 0.947576105594635
    },
    "pair_chains_iptm": {
        "0": {
            "0": 0.9928725957870483,
            "1": 0.9776812195777893,
            "2": 0.955405056476593
        },
        "1": {
            "0": 0.9760289788246155,
            "1": 0.9926274418830872,
            "2": 0.9591856002807617
        },
        "2": {
            "0": 0.8853178024291992,
            "1": 0.9016222357749939,
            "2": 0.947576105594635
        }
    }
}