{
    "confidence_score": 0.8377034068107605,
    "ptm": 0.6118181943893433,
    "iptm": 0.4925273656845093,
    "ligand_iptm": 0.0,
    "protein_iptm": 0.4925273656845093,
    "complex_plddt": 0.9239974617958069,
    "complex_iplddt": 0.946750283241272,
    "complex_pde": 0.71245938539505,
    "complex_ipde": 6.248779773712158,
    "chains_ptm": {
        "0": 0.9900504350662231,
        "1": 0.9926332235336304,
        "2": 0.7726207971572876
    },
    "pair_chains_iptm": {
        "0": {
            "0": 0.9900504350662231,
            "1": 0.9565247893333435,
            "2": 0.47080567479133606
        },
        "1": {
            "0": 0.9595960974693298,
            "1": 0.9926332235336304,
            "2": 0.46469390392303467
        },
        "2": {
            "0": 0.32386648654937744,
            "1": 0.32853952050209045,
            "2": 0.7726207971572876
        }
    }
}