{
    "confidence_score": 0.6493213176727295,
    "ptm": 0.6121744513511658,
    "iptm": 0.32713082432746887,
    "ligand_iptm": 0.0,
    "protein_iptm": 0.32713082432746887,
    "complex_plddt": 0.7298689484596252,
    "complex_iplddt": 0.7757049202919006,
    "complex_pde": 1.4454115629196167,
    "complex_ipde": 8.807297706604004,
    "chains_ptm": {
        "0": 0.9850173592567444,
        "1": 0.9858796000480652,
        "2": 0.7968846559524536
    },
    "pair_chains_iptm": {
        "0": {
            "0": 0.9850173592567444,
            "1": 0.9308188557624817,
            "2": 0.20528963208198547
        },
        "1": {
            "0": 0.9328454732894897,
            "1": 0.9858796000480652,
            "2": 0.21351005136966705
        },
        "2": {
            "0": 0.18994279205799103,
            "1": 0.19190536439418793,
            "2": 0.7968846559524536
        }
    }
}