{
    "confidence_score": 0.9406883120536804,
    "ptm": 0.9316169619560242,
    "iptm": 0.9407522678375244,
    "ligand_iptm": 0.0,
    "protein_iptm": 0.9407522678375244,
    "complex_plddt": 0.9406722784042358,
    "complex_iplddt": 0.9538035988807678,
    "complex_pde": 0.38975146412849426,
    "complex_ipde": 0.5331334471702576,
    "chains_ptm": {
        "0": 0.9915097951889038,
        "1": 0.990327775478363,
        "2": 0.933906078338623
    },
    "pair_chains_iptm": {
        "0": {
            "0": 0.9915097951889038,
            "1": 0.9739544987678528,
            "2": 0.938934862613678
        },
        "1": {
            "0": 0.9722537398338318,
            "1": 0.990327775478363,
            "2": 0.9426864981651306
        },
        "2": {
            "0": 0.8561517000198364,
            "1": 0.8766017556190491,
            "2": 0.933906078338623
        }
    }
}