{
    "confidence_score": 0.908549964427948,
    "ptm": 0.8962409496307373,
    "iptm": 0.8502820730209351,
    "ligand_iptm": 0.0,
    "protein_iptm": 0.8502820730209351,
    "complex_plddt": 0.92311692237854,
    "complex_iplddt": 0.9172713756561279,
    "complex_pde": 0.4401334524154663,
    "complex_ipde": 2.309751510620117,
    "chains_ptm": {
        "0": 0.9919111728668213,
        "1": 0.9929458498954773,
        "2": 0.9532032608985901
    },
    "pair_chains_iptm": {
        "0": {
            "0": 0.9919111728668213,
            "1": 0.9740543365478516,
            "2": 0.744875431060791
        },
        "1": {
            "0": 0.9738920331001282,
            "1": 0.9929458498954773,
            "2": 0.7472736835479736
        },
        "2": {
            "0": 0.7097355723381042,
            "1": 0.7187740802764893,
            "2": 0.9532032608985901
        }
    }
}