{
    "confidence_score": 0.8171863555908203,
    "ptm": 0.5341042876243591,
    "iptm": 0.3998974859714508,
    "ligand_iptm": 0.0,
    "protein_iptm": 0.3998974859714508,
    "complex_plddt": 0.9215085506439209,
    "complex_iplddt": 0.9391267895698547,
    "complex_pde": 0.8083917498588562,
    "complex_ipde": 8.044315338134766,
    "chains_ptm": {
        "0": 0.9855098724365234,
        "1": 0.9900643825531006,
        "2": 0.7801980972290039
    },
    "pair_chains_iptm": {
        "0": {
            "0": 0.9855098724365234,
            "1": 0.9464792609214783,
            "2": 0.26294174790382385
        },
        "1": {
            "0": 0.9483715891838074,
            "1": 0.9900643825531006,
            "2": 0.2464320808649063
        },
        "2": {
            "0": 0.20948857069015503,
            "1": 0.2084149867296219,
            "2": 0.7801980972290039
        }
    }
}