{
    "confidence_score": 0.8303276896476746,
    "ptm": 0.585905909538269,
    "iptm": 0.4481648802757263,
    "ligand_iptm": 0.0,
    "protein_iptm": 0.4481648802757263,
    "complex_plddt": 0.9258684515953064,
    "complex_iplddt": 0.9304019808769226,
    "complex_pde": 0.6006588935852051,
    "complex_ipde": 6.130709648132324,
    "chains_ptm": {
        "0": 0.9868541955947876,
        "1": 0.9892654418945312,
        "2": 0.8461030721664429
    },
    "pair_chains_iptm": {
        "0": {
            "0": 0.9868541955947876,
            "1": 0.957674503326416,
            "2": 0.17989365756511688
        },
        "1": {
            "0": 0.9613004922866821,
            "1": 0.9892654418945312,
            "2": 0.17170840501785278
        },
        "2": {
            "0": 0.15026211738586426,
            "1": 0.1521238088607788,
            "2": 0.8461030721664429
        }
    }
}