{
    "confidence_score": 0.9449824690818787,
    "ptm": 0.9444521069526672,
    "iptm": 0.9537671804428101,
    "ligand_iptm": 0.0,
    "protein_iptm": 0.9537671804428101,
    "complex_plddt": 0.9427862763404846,
    "complex_iplddt": 0.9557412266731262,
    "complex_pde": 0.35289087891578674,
    "complex_ipde": 0.470755010843277,
    "chains_ptm": {
        "0": 0.9924598932266235,
        "1": 0.9917818307876587,
        "2": 0.9449341297149658
    },
    "pair_chains_iptm": {
        "0": {
            "0": 0.9924598932266235,
            "1": 0.9768282771110535,
            "2": 0.9533223509788513
        },
        "1": {
            "0": 0.9747124910354614,
            "1": 0.9917818307876587,
            "2": 0.9544345140457153
        },
        "2": {
            "0": 0.880021870136261,
            "1": 0.8947175741195679,
            "2": 0.9449341297149658
        }
    }
}