{
    "confidence_score": 0.7266480326652527,
    "ptm": 0.8126034736633301,
    "iptm": 0.6781300902366638,
    "ligand_iptm": 0.0,
    "protein_iptm": 0.6781300902366638,
    "complex_plddt": 0.7387774586677551,
    "complex_iplddt": 0.7604728937149048,
    "complex_pde": 0.7925150990486145,
    "complex_ipde": 4.2551045417785645,
    "chains_ptm": {
        "0": 0.9901937246322632,
        "1": 0.9904212951660156,
        "2": 0.8865764737129211
    },
    "pair_chains_iptm": {
        "0": {
            "0": 0.9901937246322632,
            "1": 0.9561107754707336,
            "2": 0.6840637922286987
        },
        "1": {
            "0": 0.9508997797966003,
            "1": 0.9904212951660156,
            "2": 0.6716569066047668
        },
        "2": {
            "0": 0.5100549459457397,
            "1": 0.5036727786064148,
            "2": 0.8865764737129211
        }
    }
}