{
    "confidence_score": 0.9408427476882935,
    "ptm": 0.9451302886009216,
    "iptm": 0.9507795572280884,
    "ligand_iptm": 0.0,
    "protein_iptm": 0.9507795572280884,
    "complex_plddt": 0.9383585453033447,
    "complex_iplddt": 0.952722430229187,
    "complex_pde": 0.34993866086006165,
    "complex_ipde": 0.4653090536594391,
    "chains_ptm": {
        "0": 0.9923503398895264,
        "1": 0.9916490316390991,
        "2": 0.9492725133895874
    },
    "pair_chains_iptm": {
        "0": {
            "0": 0.9923503398895264,
            "1": 0.9763470888137817,
            "2": 0.9494416117668152
        },
        "1": {
            "0": 0.975096583366394,
            "1": 0.9916490316390991,
            "2": 0.953058660030365
        },
        "2": {
            "0": 0.8791058659553528,
            "1": 0.8980483412742615,
            "2": 0.9492725133895874
        }
    }
}