{
    "confidence_score": 0.9510210156440735,
    "ptm": 0.966235876083374,
    "iptm": 0.9538819789886475,
    "ligand_iptm": 0.0,
    "protein_iptm": 0.9538819789886475,
    "complex_plddt": 0.950305700302124,
    "complex_iplddt": 0.9329282641410828,
    "complex_pde": 0.29601144790649414,
    "complex_ipde": 0.5226624608039856,
    "chains_ptm": {
        "0": 0.9919973015785217,
        "1": 0.9925596714019775,
        "2": 0.9783856272697449
    },
    "pair_chains_iptm": {
        "0": {
            "0": 0.9919973015785217,
            "1": 0.9769337177276611,
            "2": 0.9085425138473511
        },
        "1": {
            "0": 0.975734293460846,
            "1": 0.9925596714019775,
            "2": 0.9110255241394043
        },
        "2": {
            "0": 0.9255403280258179,
            "1": 0.9302643537521362,
            "2": 0.9783856272697449
        }
    }
}