{
    "confidence_score": 0.9300960898399353,
    "ptm": 0.9014168977737427,
    "iptm": 0.946169376373291,
    "ligand_iptm": 0.0,
    "protein_iptm": 0.946169376373291,
    "complex_plddt": 0.9260777235031128,
    "complex_iplddt": 0.9043446183204651,
    "complex_pde": 0.2960759699344635,
    "complex_ipde": 0.6565200686454773,
    "chains_ptm": {
        "0": 0.992786705493927,
        "1": 0.994572103023529,
        "2": 0.8780250549316406
    },
    "pair_chains_iptm": {
        "0": {
            "0": 0.992786705493927,
            "1": 0.9814853668212891,
            "2": 0.9451228380203247
        },
        "1": {
            "0": 0.9814168214797974,
            "1": 0.994572103023529,
            "2": 0.9473539590835571
        },
        "2": {
            "0": 0.7852903604507446,
            "1": 0.7945824265480042,
            "2": 0.8780250549316406
        }
    }
}