{
    "confidence_score": 0.8653449416160583,
    "ptm": 0.7407454252243042,
    "iptm": 0.648291289806366,
    "ligand_iptm": 0.0,
    "protein_iptm": 0.648291289806366,
    "complex_plddt": 0.9196082949638367,
    "complex_iplddt": 0.887578547000885,
    "complex_pde": 0.5338689088821411,
    "complex_ipde": 4.2616119384765625,
    "chains_ptm": {
        "0": 0.9858378171920776,
        "1": 0.9906494617462158,
        "2": 0.8219851851463318
    },
    "pair_chains_iptm": {
        "0": {
            "0": 0.9858378171920776,
            "1": 0.9625154137611389,
            "2": 0.5522701144218445
        },
        "1": {
            "0": 0.9647684693336487,
            "1": 0.9906494617462158,
            "2": 0.5347771644592285
        },
        "2": {
            "0": 0.43499481678009033,
            "1": 0.44064009189605713,
            "2": 0.8219851851463318
        }
    }
}