{
    "confidence_score": 0.944324791431427,
    "ptm": 0.9575868248939514,
    "iptm": 0.941215455532074,
    "ligand_iptm": 0.0,
    "protein_iptm": 0.941215455532074,
    "complex_plddt": 0.9451021552085876,
    "complex_iplddt": 0.9218795299530029,
    "complex_pde": 0.31077730655670166,
    "complex_ipde": 0.72700434923172,
    "chains_ptm": {
        "0": 0.9916204810142517,
        "1": 0.9924713373184204,
        "2": 0.9782252907752991
    },
    "pair_chains_iptm": {
        "0": {
            "0": 0.9916204810142517,
            "1": 0.9751397371292114,
            "2": 0.8786077499389648
        },
        "1": {
            "0": 0.9743968844413757,
            "1": 0.9924713373184204,
            "2": 0.882956326007843
        },
        "2": {
            "0": 0.9009807705879211,
            "1": 0.9055905342102051,
            "2": 0.9782252907752991
        }
    }
}