{
    "confidence_score": 0.9128533601760864,
    "ptm": 0.9406640529632568,
    "iptm": 0.9165922999382019,
    "ligand_iptm": 0.0,
    "protein_iptm": 0.9165922999382019,
    "complex_plddt": 0.911918580532074,
    "complex_iplddt": 0.8764380216598511,
    "complex_pde": 0.3463484048843384,
    "complex_ipde": 0.9014497399330139,
    "chains_ptm": {
        "0": 0.9884898066520691,
        "1": 0.9870218634605408,
        "2": 0.9808854460716248
    },
    "pair_chains_iptm": {
        "0": {
            "0": 0.9884898066520691,
            "1": 0.9691966772079468,
            "2": 0.8575828671455383
        },
        "1": {
            "0": 0.9683858156204224,
            "1": 0.9870218634605408,
            "2": 0.8479045033454895
        },
        "2": {
            "0": 0.8596051335334778,
            "1": 0.8575798273086548,
            "2": 0.9808854460716248
        }
    }
}