{
    "confidence_score": 0.7971300482749939,
    "ptm": 0.5146698951721191,
    "iptm": 0.38979819416999817,
    "ligand_iptm": 0.0,
    "protein_iptm": 0.38979819416999817,
    "complex_plddt": 0.8989629745483398,
    "complex_iplddt": 0.8829867839813232,
    "complex_pde": 0.8131487965583801,
    "complex_ipde": 7.87154483795166,
    "chains_ptm": {
        "0": 0.9873643517494202,
        "1": 0.9910657405853271,
        "2": 0.7639687657356262
    },
    "pair_chains_iptm": {
        "0": {
            "0": 0.9873643517494202,
            "1": 0.954581081867218,
            "2": 0.23788988590240479
        },
        "1": {
            "0": 0.9542489647865295,
            "1": 0.9910657405853271,
            "2": 0.2201019674539566
        },
        "2": {
            "0": 0.187480166554451,
            "1": 0.18914663791656494,
            "2": 0.7639687657356262
        }
    }
}