{
    "confidence_score": 0.9493730664253235,
    "ptm": 0.9621495604515076,
    "iptm": 0.9479444026947021,
    "ligand_iptm": 0.0,
    "protein_iptm": 0.9479444026947021,
    "complex_plddt": 0.9497302770614624,
    "complex_iplddt": 0.9286078214645386,
    "complex_pde": 0.3077847361564636,
    "complex_ipde": 0.642417848110199,
    "chains_ptm": {
        "0": 0.9914844632148743,
        "1": 0.9924184679985046,
        "2": 0.977112889289856
    },
    "pair_chains_iptm": {
        "0": {
            "0": 0.9914844632148743,
            "1": 0.97548508644104,
            "2": 0.8924283385276794
        },
        "1": {
            "0": 0.9745523929595947,
            "1": 0.9924184679985046,
            "2": 0.8959502577781677
        },
        "2": {
            "0": 0.9130520224571228,
            "1": 0.9188347458839417,
            "2": 0.977112889289856
        }
    }
}