{
    "confidence_score": 0.9406877756118774,
    "ptm": 0.9505910277366638,
    "iptm": 0.9311323165893555,
    "ligand_iptm": 0.0,
    "protein_iptm": 0.9311323165893555,
    "complex_plddt": 0.9430766105651855,
    "complex_iplddt": 0.9173994660377502,
    "complex_pde": 0.3221014440059662,
    "complex_ipde": 0.8758097887039185,
    "chains_ptm": {
        "0": 0.9910866618156433,
        "1": 0.9920544028282166,
        "2": 0.9777124524116516
    },
    "pair_chains_iptm": {
        "0": {
            "0": 0.9910866618156433,
            "1": 0.9748467803001404,
            "2": 0.8480682373046875
        },
        "1": {
            "0": 0.9736455678939819,
            "1": 0.9920544028282166,
            "2": 0.8633146286010742
        },
        "2": {
            "0": 0.8805007934570312,
            "1": 0.8850546479225159,
            "2": 0.9777124524116516
        }
    }
}