{
    "confidence_score": 0.8273970484733582,
    "ptm": 0.6132837533950806,
    "iptm": 0.47733622789382935,
    "ligand_iptm": 0.0,
    "protein_iptm": 0.47733622789382935,
    "complex_plddt": 0.914912223815918,
    "complex_iplddt": 0.8804298639297485,
    "complex_pde": 0.7712171673774719,
    "complex_ipde": 7.8588714599609375,
    "chains_ptm": {
        "0": 0.9787502884864807,
        "1": 0.9883950352668762,
        "2": 0.7866054773330688
    },
    "pair_chains_iptm": {
        "0": {
            "0": 0.9787502884864807,
            "1": 0.9485786557197571,
            "2": 0.17053759098052979
        },
        "1": {
            "0": 0.954038143157959,
            "1": 0.9883950352668762,
            "2": 0.15537099540233612
        },
        "2": {
            "0": 0.15766316652297974,
            "1": 0.15791301429271698,
            "2": 0.7866054773330688
        }
    }
}