{
    "confidence_score": 0.6884124875068665,
    "ptm": 0.7150449156761169,
    "iptm": 0.5113628506660461,
    "ligand_iptm": 0.0,
    "protein_iptm": 0.5113628506660461,
    "complex_plddt": 0.7326748967170715,
    "complex_iplddt": 0.7777873873710632,
    "complex_pde": 1.2021344900131226,
    "complex_ipde": 5.453201770782471,
    "chains_ptm": {
        "0": 0.9871044754981995,
        "1": 0.9867536425590515,
        "2": 0.8183936476707458
    },
    "pair_chains_iptm": {
        "0": {
            "0": 0.9871044754981995,
            "1": 0.9463338255882263,
            "2": 0.5153840184211731
        },
        "1": {
            "0": 0.9435593485832214,
            "1": 0.9867536425590515,
            "2": 0.5077574849128723
        },
        "2": {
            "0": 0.3817819058895111,
            "1": 0.38492074608802795,
            "2": 0.8183936476707458
        }
    }
}