{
    "confidence_score": 0.8228780031204224,
    "ptm": 0.5832648873329163,
    "iptm": 0.44612208008766174,
    "ligand_iptm": 0.0,
    "protein_iptm": 0.44612208008766174,
    "complex_plddt": 0.9170669913291931,
    "complex_iplddt": 0.9210386276245117,
    "complex_pde": 0.6153424382209778,
    "complex_ipde": 6.423684597015381,
    "chains_ptm": {
        "0": 0.9873681664466858,
        "1": 0.9881391525268555,
        "2": 0.8404319286346436
    },
    "pair_chains_iptm": {
        "0": {
            "0": 0.9873681664466858,
            "1": 0.9563058614730835,
            "2": 0.1118934154510498
        },
        "1": {
            "0": 0.9571904540061951,
            "1": 0.9881391525268555,
            "2": 0.11892153322696686
        },
        "2": {
            "0": 0.13818557560443878,
            "1": 0.1383245885372162,
            "2": 0.8404319286346436
        }
    }
}