{
    "confidence_score": 0.8584796786308289,
    "ptm": 0.674493670463562,
    "iptm": 0.5610344409942627,
    "ligand_iptm": 0.0,
    "protein_iptm": 0.5610344409942627,
    "complex_plddt": 0.9328410029411316,
    "complex_iplddt": 0.9149388670921326,
    "complex_pde": 0.667534351348877,
    "complex_ipde": 6.214102745056152,
    "chains_ptm": {
        "0": 0.980281412601471,
        "1": 0.9892088174819946,
        "2": 0.80600905418396
    },
    "pair_chains_iptm": {
        "0": {
            "0": 0.980281412601471,
            "1": 0.9523581862449646,
            "2": 0.3391178548336029
        },
        "1": {
            "0": 0.9553247094154358,
            "1": 0.9892088174819946,
            "2": 0.3304709792137146
        },
        "2": {
            "0": 0.28856056928634644,
            "1": 0.2938411831855774,
            "2": 0.80600905418396
        }
    }
}