{
    "confidence_score": 0.8594602942466736,
    "ptm": 0.7725784778594971,
    "iptm": 0.6726974844932556,
    "ligand_iptm": 0.0,
    "protein_iptm": 0.6726974844932556,
    "complex_plddt": 0.9061509370803833,
    "complex_iplddt": 0.8737659454345703,
    "complex_pde": 0.5850968956947327,
    "complex_ipde": 3.425079822540283,
    "chains_ptm": {
        "0": 0.9830212593078613,
        "1": 0.9788599610328674,
        "2": 0.9693257212638855
    },
    "pair_chains_iptm": {
        "0": {
            "0": 0.9830212593078613,
            "1": 0.9564809799194336,
            "2": 0.28067079186439514
        },
        "1": {
            "0": 0.9531813859939575,
            "1": 0.9788599610328674,
            "2": 0.2798830568790436
        },
        "2": {
            "0": 0.3488134741783142,
            "1": 0.34751370549201965,
            "2": 0.9693257212638855
        }
    }
}