{
    "confidence_score": 0.8733479380607605,
    "ptm": 0.7793066501617432,
    "iptm": 0.7025831937789917,
    "ligand_iptm": 0.0,
    "protein_iptm": 0.7025831937789917,
    "complex_plddt": 0.9160391688346863,
    "complex_iplddt": 0.8821216821670532,
    "complex_pde": 0.4635102152824402,
    "complex_ipde": 3.120652198791504,
    "chains_ptm": {
        "0": 0.9872925281524658,
        "1": 0.9915708899497986,
        "2": 0.8279384970664978
    },
    "pair_chains_iptm": {
        "0": {
            "0": 0.9872925281524658,
            "1": 0.9668431282043457,
            "2": 0.6773957014083862
        },
        "1": {
            "0": 0.9671523571014404,
            "1": 0.9915708899497986,
            "2": 0.6672223210334778
        },
        "2": {
            "0": 0.5233932733535767,
            "1": 0.5307168364524841,
            "2": 0.8279384970664978
        }
    }
}