{
    "confidence_score": 0.8600801825523376,
    "ptm": 0.6972968578338623,
    "iptm": 0.6235776543617249,
    "ligand_iptm": 0.0,
    "protein_iptm": 0.6235776543617249,
    "complex_plddt": 0.9192057847976685,
    "complex_iplddt": 0.9214285612106323,
    "complex_pde": 0.5911203026771545,
    "complex_ipde": 4.469431400299072,
    "chains_ptm": {
        "0": 0.9910578727722168,
        "1": 0.9929584264755249,
        "2": 0.809561550617218
    },
    "pair_chains_iptm": {
        "0": {
            "0": 0.9910578727722168,
            "1": 0.9660524725914001,
            "2": 0.6301866173744202
        },
        "1": {
            "0": 0.9661639332771301,
            "1": 0.9929584264755249,
            "2": 0.6186305284500122
        },
        "2": {
            "0": 0.42555534839630127,
            "1": 0.4334266483783722,
            "2": 0.809561550617218
        }
    }
}