{
    "confidence_score": 0.8328114748001099,
    "ptm": 0.5846092104911804,
    "iptm": 0.4458104372024536,
    "ligand_iptm": 0.0,
    "protein_iptm": 0.4458104372024536,
    "complex_plddt": 0.9295616745948792,
    "complex_iplddt": 0.9499346017837524,
    "complex_pde": 0.744124174118042,
    "complex_ipde": 7.25108528137207,
    "chains_ptm": {
        "0": 0.9883923530578613,
        "1": 0.9914743304252625,
        "2": 0.800371527671814
    },
    "pair_chains_iptm": {
        "0": {
            "0": 0.9883923530578613,
            "1": 0.9551915526390076,
            "2": 0.36978206038475037
        },
        "1": {
            "0": 0.9551870226860046,
            "1": 0.9914743304252625,
            "2": 0.3569415807723999
        },
        "2": {
            "0": 0.2674238085746765,
            "1": 0.26578980684280396,
            "2": 0.800371527671814
        }
    }
}