{
    "confidence_score": 0.8586923480033875,
    "ptm": 0.7720568180084229,
    "iptm": 0.6676669120788574,
    "ligand_iptm": 0.0,
    "protein_iptm": 0.6676669120788574,
    "complex_plddt": 0.9064487218856812,
    "complex_iplddt": 0.8823371529579163,
    "complex_pde": 0.7727115750312805,
    "complex_ipde": 5.130993843078613,
    "chains_ptm": {
        "0": 0.9884908199310303,
        "1": 0.9902631044387817,
        "2": 0.8623198866844177
    },
    "pair_chains_iptm": {
        "0": {
            "0": 0.9884908199310303,
            "1": 0.9666674137115479,
            "2": 0.513577938079834
        },
        "1": {
            "0": 0.9650505781173706,
            "1": 0.9902631044387817,
            "2": 0.5137624740600586
        },
        "2": {
            "0": 0.34956780076026917,
            "1": 0.3519260585308075,
            "2": 0.8623198866844177
        }
    }
}