{
    "confidence_score": 0.8034388422966003,
    "ptm": 0.5264997482299805,
    "iptm": 0.37303969264030457,
    "ligand_iptm": 0.0,
    "protein_iptm": 0.37303969264030457,
    "complex_plddt": 0.9110386967658997,
    "complex_iplddt": 0.9016725420951843,
    "complex_pde": 0.8032417297363281,
    "complex_ipde": 8.695220947265625,
    "chains_ptm": {
        "0": 0.9878875613212585,
        "1": 0.9906571507453918,
        "2": 0.8055147528648376
    },
    "pair_chains_iptm": {
        "0": {
            "0": 0.9878875613212585,
            "1": 0.9538617134094238,
            "2": 0.18728655576705933
        },
        "1": {
            "0": 0.9517996311187744,
            "1": 0.9906571507453918,
            "2": 0.1727379709482193
        },
        "2": {
            "0": 0.16536587476730347,
            "1": 0.1676851361989975,
            "2": 0.8055147528648376
        }
    }
}