{
    "confidence_score": 0.8990662693977356,
    "ptm": 0.9300181865692139,
    "iptm": 0.9002100825309753,
    "ligand_iptm": 0.0,
    "protein_iptm": 0.9002100825309753,
    "complex_plddt": 0.898780345916748,
    "complex_iplddt": 0.890149712562561,
    "complex_pde": 0.3828151524066925,
    "complex_ipde": 1.4145803451538086,
    "chains_ptm": {
        "0": 0.9903372526168823,
        "1": 0.9920511841773987,
        "2": 0.9509571194648743
    },
    "pair_chains_iptm": {
        "0": {
            "0": 0.9903372526168823,
            "1": 0.9729558229446411,
            "2": 0.8394748568534851
        },
        "1": {
            "0": 0.9713147282600403,
            "1": 0.9920511841773987,
            "2": 0.8430348634719849
        },
        "2": {
            "0": 0.8034334778785706,
            "1": 0.8233675956726074,
            "2": 0.9509571194648743
        }
    }
}