{
    "confidence_score": 0.6614596247673035,
    "ptm": 0.7244594693183899,
    "iptm": 0.36879074573516846,
    "ligand_iptm": 0.0,
    "protein_iptm": 0.36879074573516846,
    "complex_plddt": 0.734626829624176,
    "complex_iplddt": 0.7735591530799866,
    "complex_pde": 0.8159112930297852,
    "complex_ipde": 7.757596492767334,
    "chains_ptm": {
        "0": 0.986240565776825,
        "1": 0.9854716062545776,
        "2": 0.9298327565193176
    },
    "pair_chains_iptm": {
        "0": {
            "0": 0.986240565776825,
            "1": 0.9320867657661438,
            "2": 0.2757585346698761
        },
        "1": {
            "0": 0.9282562136650085,
            "1": 0.9854716062545776,
            "2": 0.28060391545295715
        },
        "2": {
            "0": 0.2428520768880844,
            "1": 0.24222663044929504,
            "2": 0.9298327565193176
        }
    }
}