{
    "confidence_score": 0.8238738179206848,
    "ptm": 0.5621422529220581,
    "iptm": 0.416278213262558,
    "ligand_iptm": 0.0,
    "protein_iptm": 0.416278213262558,
    "complex_plddt": 0.9257726669311523,
    "complex_iplddt": 0.940621018409729,
    "complex_pde": 0.7535783648490906,
    "complex_ipde": 7.691579341888428,
    "chains_ptm": {
        "0": 0.9884966015815735,
        "1": 0.990769624710083,
        "2": 0.8134362697601318
    },
    "pair_chains_iptm": {
        "0": {
            "0": 0.9884966015815735,
            "1": 0.9533544778823853,
            "2": 0.2913874387741089
        },
        "1": {
            "0": 0.9554502367973328,
            "1": 0.990769624710083,
            "2": 0.27231279015541077
        },
        "2": {
            "0": 0.22658057510852814,
            "1": 0.22711597383022308,
            "2": 0.8134362697601318
        }
    }
}