{
    "confidence_score": 0.8412227630615234,
    "ptm": 0.8393604755401611,
    "iptm": 0.7681568264961243,
    "ligand_iptm": 0.0,
    "protein_iptm": 0.7681568264961243,
    "complex_plddt": 0.8594892024993896,
    "complex_iplddt": 0.8065924644470215,
    "complex_pde": 0.6352877020835876,
    "complex_ipde": 3.8744421005249023,
    "chains_ptm": {
        "0": 0.9872153997421265,
        "1": 0.9889870285987854,
        "2": 0.9104213118553162
    },
    "pair_chains_iptm": {
        "0": {
            "0": 0.9872153997421265,
            "1": 0.9629742503166199,
            "2": 0.5177204608917236
        },
        "1": {
            "0": 0.9607072472572327,
            "1": 0.9889870285987854,
            "2": 0.4978674352169037
        },
        "2": {
            "0": 0.5640970468521118,
            "1": 0.5617415904998779,
            "2": 0.9104213118553162
        }
    }
}