{
    "confidence_score": 0.9452062845230103,
    "ptm": 0.9628656506538391,
    "iptm": 0.9489570260047913,
    "ligand_iptm": 0.0,
    "protein_iptm": 0.9489570260047913,
    "complex_plddt": 0.944268524646759,
    "complex_iplddt": 0.9225060343742371,
    "complex_pde": 0.30167219042778015,
    "complex_ipde": 0.6349915862083435,
    "chains_ptm": {
        "0": 0.9919108748435974,
        "1": 0.9925025701522827,
        "2": 0.9802414774894714
    },
    "pair_chains_iptm": {
        "0": {
            "0": 0.9919108748435974,
            "1": 0.9771389365196228,
            "2": 0.8945429921150208
        },
        "1": {
            "0": 0.9761391878128052,
            "1": 0.9925025701522827,
            "2": 0.8998734951019287
        },
        "2": {
            "0": 0.914086639881134,
            "1": 0.9201509952545166,
            "2": 0.9802414774894714
        }
    }
}