{
    "confidence_score": 0.8311676383018494,
    "ptm": 0.5707704424858093,
    "iptm": 0.42935553193092346,
    "ligand_iptm": 0.0,
    "protein_iptm": 0.42935553193092346,
    "complex_plddt": 0.9316206574440002,
    "complex_iplddt": 0.947027325630188,
    "complex_pde": 0.7369356751441956,
    "complex_ipde": 7.280031204223633,
    "chains_ptm": {
        "0": 0.9873331189155579,
        "1": 0.9906646609306335,
        "2": 0.80239337682724
    },
    "pair_chains_iptm": {
        "0": {
            "0": 0.9873331189155579,
            "1": 0.9492582082748413,
            "2": 0.34063589572906494
        },
        "1": {
            "0": 0.9513489007949829,
            "1": 0.9906646609306335,
            "2": 0.32423123717308044
        },
        "2": {
            "0": 0.24887749552726746,
            "1": 0.24656705558300018,
            "2": 0.80239337682724
        }
    }
}