{
    "confidence_score": 0.9131752252578735,
    "ptm": 0.8126861453056335,
    "iptm": 0.805157482624054,
    "ligand_iptm": 0.0,
    "protein_iptm": 0.805157482624054,
    "complex_plddt": 0.9401796460151672,
    "complex_iplddt": 0.9499229788780212,
    "complex_pde": 0.37865588068962097,
    "complex_ipde": 1.6661245822906494,
    "chains_ptm": {
        "0": 0.9908396005630493,
        "1": 0.9912778735160828,
        "2": 0.8597427010536194
    },
    "pair_chains_iptm": {
        "0": {
            "0": 0.9908396005630493,
            "1": 0.9721085429191589,
            "2": 0.7957050204277039
        },
        "1": {
            "0": 0.9724622368812561,
            "1": 0.9912778735160828,
            "2": 0.8156701922416687
        },
        "2": {
            "0": 0.6304319500923157,
            "1": 0.6200959086418152,
            "2": 0.8597427010536194
        }
    }
}