{
    "confidence_score": 0.9439653754234314,
    "ptm": 0.9578914046287537,
    "iptm": 0.9417805671691895,
    "ligand_iptm": 0.0,
    "protein_iptm": 0.9417805671691895,
    "complex_plddt": 0.9445115923881531,
    "complex_iplddt": 0.9195126295089722,
    "complex_pde": 0.31559598445892334,
    "complex_ipde": 0.770003080368042,
    "chains_ptm": {
        "0": 0.9911072850227356,
        "1": 0.9922208786010742,
        "2": 0.9780516624450684
    },
    "pair_chains_iptm": {
        "0": {
            "0": 0.9911072850227356,
            "1": 0.9745493531227112,
            "2": 0.8709280490875244
        },
        "1": {
            "0": 0.9740259051322937,
            "1": 0.9922208786010742,
            "2": 0.8826456069946289
        },
        "2": {
            "0": 0.8989868760108948,
            "1": 0.9074026346206665,
            "2": 0.9780516624450684
        }
    }
}