{
    "confidence_score": 0.941730797290802,
    "ptm": 0.9412795305252075,
    "iptm": 0.9178205132484436,
    "ligand_iptm": 0.0,
    "protein_iptm": 0.9178205132484436,
    "complex_plddt": 0.9477083683013916,
    "complex_iplddt": 0.9264000654220581,
    "complex_pde": 0.3373057544231415,
    "complex_ipde": 1.0667049884796143,
    "chains_ptm": {
        "0": 0.9905512928962708,
        "1": 0.9912669062614441,
        "2": 0.9774611592292786
    },
    "pair_chains_iptm": {
        "0": {
            "0": 0.9905512928962708,
            "1": 0.9712626934051514,
            "2": 0.826747715473175
        },
        "1": {
            "0": 0.9711129665374756,
            "1": 0.9912669062614441,
            "2": 0.8359315991401672
        },
        "2": {
            "0": 0.8556264042854309,
            "1": 0.8601105809211731,
            "2": 0.9774611592292786
        }
    }
}