{
    "confidence_score": 0.9348605275154114,
    "ptm": 0.9706307053565979,
    "iptm": 0.9595480561256409,
    "ligand_iptm": 0.0,
    "protein_iptm": 0.9595480561256409,
    "complex_plddt": 0.928688645362854,
    "complex_iplddt": 0.9007779359817505,
    "complex_pde": 0.28977662324905396,
    "complex_ipde": 0.4428473114967346,
    "chains_ptm": {
        "0": 0.9916719198226929,
        "1": 0.9909107089042664,
        "2": 0.9869106411933899
    },
    "pair_chains_iptm": {
        "0": {
            "0": 0.9916719198226929,
            "1": 0.9776142239570618,
            "2": 0.949975848197937
        },
        "1": {
            "0": 0.9769278764724731,
            "1": 0.9909107089042664,
            "2": 0.9405668377876282
        },
        "2": {
            "0": 0.9416488409042358,
            "1": 0.9402129650115967,
            "2": 0.9869106411933899
        }
    }
}