{
    "confidence_score": 0.9416090250015259,
    "ptm": 0.9357199668884277,
    "iptm": 0.9451462626457214,
    "ligand_iptm": 0.0,
    "protein_iptm": 0.9451462626457214,
    "complex_plddt": 0.9407247304916382,
    "complex_iplddt": 0.9531570672988892,
    "complex_pde": 0.38158321380615234,
    "complex_ipde": 0.5157144069671631,
    "chains_ptm": {
        "0": 0.9916068911552429,
        "1": 0.990906298160553,
        "2": 0.937166154384613
    },
    "pair_chains_iptm": {
        "0": {
            "0": 0.9916068911552429,
            "1": 0.973893940448761,
            "2": 0.9431344866752625
        },
        "1": {
            "0": 0.9725412726402283,
            "1": 0.990906298160553,
            "2": 0.9476416110992432
        },
        "2": {
            "0": 0.8621712923049927,
            "1": 0.88422691822052,
            "2": 0.937166154384613
        }
    }
}