{
    "confidence_score": 0.8881241083145142,
    "ptm": 0.7502542734146118,
    "iptm": 0.6693553328514099,
    "ligand_iptm": 0.0,
    "protein_iptm": 0.6693553328514099,
    "complex_plddt": 0.9428162574768066,
    "complex_iplddt": 0.9428787231445312,
    "complex_pde": 0.4392056167125702,
    "complex_ipde": 2.7409136295318604,
    "chains_ptm": {
        "0": 0.9886736869812012,
        "1": 0.9895496368408203,
        "2": 0.8401433229446411
    },
    "pair_chains_iptm": {
        "0": {
            "0": 0.9886736869812012,
            "1": 0.9650214314460754,
            "2": 0.6541937589645386
        },
        "1": {
            "0": 0.96526038646698,
            "1": 0.9895496368408203,
            "2": 0.6688575744628906
        },
        "2": {
            "0": 0.5048137307167053,
            "1": 0.49357831478118896,
            "2": 0.8401433229446411
        }
    }
}