{
    "confidence_score": 0.672160804271698,
    "ptm": 0.6959679126739502,
    "iptm": 0.3470053970813751,
    "ligand_iptm": 0.0,
    "protein_iptm": 0.3470053970813751,
    "complex_plddt": 0.7534496784210205,
    "complex_iplddt": 0.7885797023773193,
    "complex_pde": 0.9366956949234009,
    "complex_ipde": 8.414570808410645,
    "chains_ptm": {
        "0": 0.9858536124229431,
        "1": 0.985914409160614,
        "2": 0.9038755893707275
    },
    "pair_chains_iptm": {
        "0": {
            "0": 0.9858536124229431,
            "1": 0.9278411865234375,
            "2": 0.23807306587696075
        },
        "1": {
            "0": 0.9262385368347168,
            "1": 0.985914409160614,
            "2": 0.248960942029953
        },
        "2": {
            "0": 0.21488076448440552,
            "1": 0.21896030008792877,
            "2": 0.9038755893707275
        }
    }
}