{
    "confidence_score": 0.8321666717529297,
    "ptm": 0.6086955666542053,
    "iptm": 0.46626919507980347,
    "ligand_iptm": 0.0,
    "protein_iptm": 0.46626919507980347,
    "complex_plddt": 0.92364102602005,
    "complex_iplddt": 0.9394268989562988,
    "complex_pde": 0.7209661602973938,
    "complex_ipde": 7.186694622039795,
    "chains_ptm": {
        "0": 0.9888909459114075,
        "1": 0.9920924305915833,
        "2": 0.8266844153404236
    },
    "pair_chains_iptm": {
        "0": {
            "0": 0.9888909459114075,
            "1": 0.952941358089447,
            "2": 0.38084158301353455
        },
        "1": {
            "0": 0.9561524391174316,
            "1": 0.9920924305915833,
            "2": 0.374906986951828
        },
        "2": {
            "0": 0.2823430001735687,
            "1": 0.2925757169723511,
            "2": 0.8266844153404236
        }
    }
}