{
    "confidence_score": 0.6935893297195435,
    "ptm": 0.5681881904602051,
    "iptm": 0.36395442485809326,
    "ligand_iptm": 0.0,
    "protein_iptm": 0.36395442485809326,
    "complex_plddt": 0.775998055934906,
    "complex_iplddt": 0.7966659069061279,
    "complex_pde": 1.3773856163024902,
    "complex_ipde": 8.265214920043945,
    "chains_ptm": {
        "0": 0.9734591245651245,
        "1": 0.9717099070549011,
        "2": 0.6941116452217102
    },
    "pair_chains_iptm": {
        "0": {
            "0": 0.9734591245651245,
            "1": 0.8712617754936218,
            "2": 0.3525863587856293
        },
        "1": {
            "0": 0.8869822025299072,
            "1": 0.9717099070549011,
            "2": 0.3329664170742035
        },
        "2": {
            "0": 0.28688257932662964,
            "1": 0.2735830843448639,
            "2": 0.6941116452217102
        }
    }
}