{
    "confidence_score": 0.9017533659934998,
    "ptm": 0.7735406756401062,
    "iptm": 0.7253926396369934,
    "ligand_iptm": 0.0,
    "protein_iptm": 0.7253926396369934,
    "complex_plddt": 0.9458434581756592,
    "complex_iplddt": 0.9468703866004944,
    "complex_pde": 0.4175868332386017,
    "complex_ipde": 2.205808639526367,
    "chains_ptm": {
        "0": 0.9886807799339294,
        "1": 0.989250898361206,
        "2": 0.8376805782318115
    },
    "pair_chains_iptm": {
        "0": {
            "0": 0.9886807799339294,
            "1": 0.9652217030525208,
            "2": 0.7130066156387329
        },
        "1": {
            "0": 0.9663928151130676,
            "1": 0.989250898361206,
            "2": 0.7391677498817444
        },
        "2": {
            "0": 0.5456134676933289,
            "1": 0.5418367385864258,
            "2": 0.8376805782318115
        }
    }
}