{
    "confidence_score": 0.7713272571563721,
    "ptm": 0.6350537538528442,
    "iptm": 0.3992999196052551,
    "ligand_iptm": 0.0,
    "protein_iptm": 0.3992999196052551,
    "complex_plddt": 0.8643341064453125,
    "complex_iplddt": 0.8399993181228638,
    "complex_pde": 0.9179449081420898,
    "complex_ipde": 8.949010848999023,
    "chains_ptm": {
        "0": 0.984056830406189,
        "1": 0.9884063601493835,
        "2": 0.8315595388412476
    },
    "pair_chains_iptm": {
        "0": {
            "0": 0.984056830406189,
            "1": 0.9415290355682373,
            "2": 0.2687390446662903
        },
        "1": {
            "0": 0.9430655241012573,
            "1": 0.9884063601493835,
            "2": 0.2852666974067688
        },
        "2": {
            "0": 0.24898110330104828,
            "1": 0.2690887451171875,
            "2": 0.8315595388412476
        }
    }
}