{
    "confidence_score": 0.8558536767959595,
    "ptm": 0.7752597332000732,
    "iptm": 0.6715622544288635,
    "ligand_iptm": 0.0,
    "protein_iptm": 0.6715622544288635,
    "complex_plddt": 0.9019265174865723,
    "complex_iplddt": 0.857325553894043,
    "complex_pde": 0.6127240657806396,
    "complex_ipde": 3.523493766784668,
    "chains_ptm": {
        "0": 0.9791341423988342,
        "1": 0.9739347100257874,
        "2": 0.9651780724525452
    },
    "pair_chains_iptm": {
        "0": {
            "0": 0.9791341423988342,
            "1": 0.9470839500427246,
            "2": 0.29377418756484985
        },
        "1": {
            "0": 0.9439466595649719,
            "1": 0.9739347100257874,
            "2": 0.264564573764801
        },
        "2": {
            "0": 0.369011253118515,
            "1": 0.3565598428249359,
            "2": 0.9651780724525452
        }
    }
}