{
    "confidence_score": 0.8341854214668274,
    "ptm": 0.6085729598999023,
    "iptm": 0.47793570160865784,
    "ligand_iptm": 0.0,
    "protein_iptm": 0.47793570160865784,
    "complex_plddt": 0.9232478737831116,
    "complex_iplddt": 0.9262419939041138,
    "complex_pde": 0.6061257123947144,
    "complex_ipde": 6.1545562744140625,
    "chains_ptm": {
        "0": 0.9875660538673401,
        "1": 0.9894111752510071,
        "2": 0.84096759557724
    },
    "pair_chains_iptm": {
        "0": {
            "0": 0.9875660538673401,
            "1": 0.956352174282074,
            "2": 0.2065620869398117
        },
        "1": {
            "0": 0.9602717757225037,
            "1": 0.9894111752510071,
            "2": 0.18194185197353363
        },
        "2": {
            "0": 0.19317039847373962,
            "1": 0.18888941407203674,
            "2": 0.84096759557724
        }
    }
}