{
    "confidence_score": 0.8342022895812988,
    "ptm": 0.6108700633049011,
    "iptm": 0.4591985046863556,
    "ligand_iptm": 0.0,
    "protein_iptm": 0.4591985046863556,
    "complex_plddt": 0.9279532432556152,
    "complex_iplddt": 0.9492376446723938,
    "complex_pde": 0.711967945098877,
    "complex_ipde": 6.659966945648193,
    "chains_ptm": {
        "0": 0.9876006245613098,
        "1": 0.9908260703086853,
        "2": 0.8142616152763367
    },
    "pair_chains_iptm": {
        "0": {
            "0": 0.9876006245613098,
            "1": 0.9482117295265198,
            "2": 0.42536666989326477
        },
        "1": {
            "0": 0.9489367604255676,
            "1": 0.9908260703086853,
            "2": 0.4066726565361023
        },
        "2": {
            "0": 0.2900669276714325,
            "1": 0.28765514492988586,
            "2": 0.8142616152763367
        }
    }
}