{
    "confidence_score": 0.8814584016799927,
    "ptm": 0.9572803974151611,
    "iptm": 0.939656138420105,
    "ligand_iptm": 0.0,
    "protein_iptm": 0.939656138420105,
    "complex_plddt": 0.8669089078903198,
    "complex_iplddt": 0.8298478126525879,
    "complex_pde": 0.3099491000175476,
    "complex_ipde": 0.7448649406433105,
    "chains_ptm": {
        "0": 0.9928562045097351,
        "1": 0.9939578771591187,
        "2": 0.9721959233283997
    },
    "pair_chains_iptm": {
        "0": {
            "0": 0.9928562045097351,
            "1": 0.9803128838539124,
            "2": 0.8805950284004211
        },
        "1": {
            "0": 0.9795047044754028,
            "1": 0.9939578771591187,
            "2": 0.8824938535690308
        },
        "2": {
            "0": 0.8848289251327515,
            "1": 0.896985650062561,
            "2": 0.9721959233283997
        }
    }
}