{
    "confidence_score": 0.8813663721084595,
    "ptm": 0.8554115295410156,
    "iptm": 0.7879974246025085,
    "ligand_iptm": 0.0,
    "protein_iptm": 0.7879974246025085,
    "complex_plddt": 0.9047085642814636,
    "complex_iplddt": 0.8604370355606079,
    "complex_pde": 0.48611754179000854,
    "complex_ipde": 2.3527512550354004,
    "chains_ptm": {
        "0": 0.985402524471283,
        "1": 0.9814757108688354,
        "2": 0.9764369130134583
    },
    "pair_chains_iptm": {
        "0": {
            "0": 0.985402524471283,
            "1": 0.9623251557350159,
            "2": 0.6022772192955017
        },
        "1": {
            "0": 0.9590759873390198,
            "1": 0.9814757108688354,
            "2": 0.5707031488418579
        },
        "2": {
            "0": 0.6001229286193848,
            "1": 0.5892531275749207,
            "2": 0.9764369130134583
        }
    }
}