{
    "confidence_score": 0.9516939520835876,
    "ptm": 0.9600271582603455,
    "iptm": 0.9450889825820923,
    "ligand_iptm": 0.0,
    "protein_iptm": 0.9450889825820923,
    "complex_plddt": 0.9533451199531555,
    "complex_iplddt": 0.9366793632507324,
    "complex_pde": 0.3119625151157379,
    "complex_ipde": 0.6618238687515259,
    "chains_ptm": {
        "0": 0.9911758303642273,
        "1": 0.991857647895813,
        "2": 0.9761611819267273
    },
    "pair_chains_iptm": {
        "0": {
            "0": 0.9911758303642273,
            "1": 0.9738872647285461,
            "2": 0.8884548544883728
        },
        "1": {
            "0": 0.9728964567184448,
            "1": 0.991857647895813,
            "2": 0.8918637633323669
        },
        "2": {
            "0": 0.9100773930549622,
            "1": 0.9144905209541321,
            "2": 0.9761611819267273
        }
    }
}