{
    "confidence_score": 0.6824316382408142,
    "ptm": 0.7233167886734009,
    "iptm": 0.5204519033432007,
    "ligand_iptm": 0.0,
    "protein_iptm": 0.5204519033432007,
    "complex_plddt": 0.7229265570640564,
    "complex_iplddt": 0.7590044140815735,
    "complex_pde": 1.2716212272644043,
    "complex_ipde": 5.951383590698242,
    "chains_ptm": {
        "0": 0.9888143539428711,
        "1": 0.987150251865387,
        "2": 0.8192408680915833
    },
    "pair_chains_iptm": {
        "0": {
            "0": 0.9888143539428711,
            "1": 0.945088267326355,
            "2": 0.5230043530464172
        },
        "1": {
            "0": 0.9448215961456299,
            "1": 0.987150251865387,
            "2": 0.5176674723625183
        },
        "2": {
            "0": 0.3836706578731537,
            "1": 0.3894970715045929,
            "2": 0.8192408680915833
        }
    }
}