{
    "confidence_score": 0.9449154734611511,
    "ptm": 0.9461234211921692,
    "iptm": 0.953493595123291,
    "ligand_iptm": 0.0,
    "protein_iptm": 0.953493595123291,
    "complex_plddt": 0.9427709579467773,
    "complex_iplddt": 0.9547513723373413,
    "complex_pde": 0.34564119577407837,
    "complex_ipde": 0.4603205919265747,
    "chains_ptm": {
        "0": 0.9927334785461426,
        "1": 0.9921119213104248,
        "2": 0.9502171277999878
    },
    "pair_chains_iptm": {
        "0": {
            "0": 0.9927334785461426,
            "1": 0.9774937033653259,
            "2": 0.9520617127418518
        },
        "1": {
            "0": 0.9757459759712219,
            "1": 0.9921119213104248,
            "2": 0.9560621976852417
        },
        "2": {
            "0": 0.8836279511451721,
            "1": 0.9019246101379395,
            "2": 0.9502171277999878
        }
    }
}