{
    "confidence_score": 0.6962777376174927,
    "ptm": 0.7318267226219177,
    "iptm": 0.5151858329772949,
    "ligand_iptm": 0.0,
    "protein_iptm": 0.5151858329772949,
    "complex_plddt": 0.7415506839752197,
    "complex_iplddt": 0.7841038107872009,
    "complex_pde": 1.1020972728729248,
    "complex_ipde": 5.848932266235352,
    "chains_ptm": {
        "0": 0.9893327951431274,
        "1": 0.9875998497009277,
        "2": 0.8378486037254333
    },
    "pair_chains_iptm": {
        "0": {
            "0": 0.9893327951431274,
            "1": 0.9468775987625122,
            "2": 0.5099223852157593
        },
        "1": {
            "0": 0.942244291305542,
            "1": 0.9875998497009277,
            "2": 0.5209277272224426
        },
        "2": {
            "0": 0.3941282629966736,
            "1": 0.40680718421936035,
            "2": 0.8378486037254333
        }
    }
}