{
    "confidence_score": 0.9473295211791992,
    "ptm": 0.9599215984344482,
    "iptm": 0.9449303150177002,
    "ligand_iptm": 0.0,
    "protein_iptm": 0.9449303150177002,
    "complex_plddt": 0.9479292631149292,
    "complex_iplddt": 0.9269486665725708,
    "complex_pde": 0.3077450692653656,
    "complex_ipde": 0.6304725408554077,
    "chains_ptm": {
        "0": 0.9912924766540527,
        "1": 0.9918656945228577,
        "2": 0.9772436022758484
    },
    "pair_chains_iptm": {
        "0": {
            "0": 0.9912924766540527,
            "1": 0.9736803770065308,
            "2": 0.8911957740783691
        },
        "1": {
            "0": 0.9735077023506165,
            "1": 0.9918656945228577,
            "2": 0.8903869390487671
        },
        "2": {
            "0": 0.9115458130836487,
            "1": 0.9144514799118042,
            "2": 0.9772436022758484
        }
    }
}