{
    "confidence_score": 0.9238209128379822,
    "ptm": 0.9573174715042114,
    "iptm": 0.9412482976913452,
    "ligand_iptm": 0.0,
    "protein_iptm": 0.9412482976913452,
    "complex_plddt": 0.9194639921188354,
    "complex_iplddt": 0.8851009011268616,
    "complex_pde": 0.3147469460964203,
    "complex_ipde": 0.6119330525398254,
    "chains_ptm": {
        "0": 0.989844799041748,
        "1": 0.9877132773399353,
        "2": 0.9826033115386963
    },
    "pair_chains_iptm": {
        "0": {
            "0": 0.989844799041748,
            "1": 0.9718416929244995,
            "2": 0.9148832559585571
        },
        "1": {
            "0": 0.9702222943305969,
            "1": 0.9877132773399353,
            "2": 0.9050583839416504
        },
        "2": {
            "0": 0.9081568717956543,
            "1": 0.9077162146568298,
            "2": 0.9826033115386963
        }
    }
}