{
    "confidence_score": 0.7958340644836426,
    "ptm": 0.7315840721130371,
    "iptm": 0.4623429477214813,
    "ligand_iptm": 0.0,
    "protein_iptm": 0.4623429477214813,
    "complex_plddt": 0.8792068362236023,
    "complex_iplddt": 0.8673897981643677,
    "complex_pde": 0.6732180714607239,
    "complex_ipde": 6.519610404968262,
    "chains_ptm": {
        "0": 0.9882415533065796,
        "1": 0.9903274178504944,
        "2": 0.8944162130355835
    },
    "pair_chains_iptm": {
        "0": {
            "0": 0.9882415533065796,
            "1": 0.9496136903762817,
            "2": 0.43320584297180176
        },
        "1": {
            "0": 0.9454190731048584,
            "1": 0.9903274178504944,
            "2": 0.41832101345062256
        },
        "2": {
            "0": 0.3522259294986725,
            "1": 0.3437066078186035,
            "2": 0.8944162130355835
        }
    }
}