{
    "confidence_score": 0.9207718968391418,
    "ptm": 0.9523552656173706,
    "iptm": 0.9306758642196655,
    "ligand_iptm": 0.0,
    "protein_iptm": 0.9306758642196655,
    "complex_plddt": 0.9182958602905273,
    "complex_iplddt": 0.879875123500824,
    "complex_pde": 0.32091090083122253,
    "complex_ipde": 0.7658380270004272,
    "chains_ptm": {
        "0": 0.9910452365875244,
        "1": 0.9904230833053589,
        "2": 0.983784019947052
    },
    "pair_chains_iptm": {
        "0": {
            "0": 0.9910452365875244,
            "1": 0.9753758907318115,
            "2": 0.8887521624565125
        },
        "1": {
            "0": 0.975247323513031,
            "1": 0.9904230833053589,
            "2": 0.8776116967201233
        },
        "2": {
            "0": 0.8858914971351624,
            "1": 0.8807368874549866,
            "2": 0.983784019947052
        }
    }
}