{
    "confidence_score": 0.8795982599258423,
    "ptm": 0.8184982538223267,
    "iptm": 0.7560449838638306,
    "ligand_iptm": 0.0,
    "protein_iptm": 0.7560449838638306,
    "complex_plddt": 0.9104865193367004,
    "complex_iplddt": 0.8721223473548889,
    "complex_pde": 0.4086781442165375,
    "complex_ipde": 2.4178287982940674,
    "chains_ptm": {
        "0": 0.9902037978172302,
        "1": 0.9932666420936584,
        "2": 0.8447158336639404
    },
    "pair_chains_iptm": {
        "0": {
            "0": 0.9902037978172302,
            "1": 0.9736768007278442,
            "2": 0.7464419603347778
        },
        "1": {
            "0": 0.9744440317153931,
            "1": 0.9932666420936584,
            "2": 0.7385210394859314
        },
        "2": {
            "0": 0.6029958724975586,
            "1": 0.6129733920097351,
            "2": 0.8447158336639404
        }
    }
}