{
    "confidence_score": 0.9040580987930298,
    "ptm": 0.9319090247154236,
    "iptm": 0.9044331312179565,
    "ligand_iptm": 0.0,
    "protein_iptm": 0.9044331312179565,
    "complex_plddt": 0.9039642810821533,
    "complex_iplddt": 0.8544166684150696,
    "complex_pde": 0.3560658097267151,
    "complex_ipde": 1.1392498016357422,
    "chains_ptm": {
        "0": 0.9896434545516968,
        "1": 0.9889419078826904,
        "2": 0.9811291694641113
    },
    "pair_chains_iptm": {
        "0": {
            "0": 0.9896434545516968,
            "1": 0.9729965329170227,
            "2": 0.7932449579238892
        },
        "1": {
            "0": 0.9729253053665161,
            "1": 0.9889419078826904,
            "2": 0.7982082366943359
        },
        "2": {
            "0": 0.816228985786438,
            "1": 0.8272989392280579,
            "2": 0.9811291694641113
        }
    }
}