{
    "confidence_score": 0.7613460421562195,
    "ptm": 0.6290295124053955,
    "iptm": 0.29473134875297546,
    "ligand_iptm": 0.0,
    "protein_iptm": 0.29473134875297546,
    "complex_plddt": 0.8779996633529663,
    "complex_iplddt": 0.8728996515274048,
    "complex_pde": 0.877360463142395,
    "complex_ipde": 10.567877769470215,
    "chains_ptm": {
        "0": 0.9810683131217957,
        "1": 0.9862096905708313,
        "2": 0.8787814974784851
    },
    "pair_chains_iptm": {
        "0": {
            "0": 0.9810683131217957,
            "1": 0.9178548455238342,
            "2": 0.11851774156093597
        },
        "1": {
            "0": 0.9210984706878662,
            "1": 0.9862096905708313,
            "2": 0.11901888251304626
        },
        "2": {
            "0": 0.14091084897518158,
            "1": 0.1418008655309677,
            "2": 0.8787814974784851
        }
    }
}