{
    "confidence_score": 0.8304678797721863,
    "ptm": 0.5919617414474487,
    "iptm": 0.4454749524593353,
    "ligand_iptm": 0.0,
    "protein_iptm": 0.4454749524593353,
    "complex_plddt": 0.9267160892486572,
    "complex_iplddt": 0.9457083344459534,
    "complex_pde": 0.7266473770141602,
    "complex_ipde": 6.973492622375488,
    "chains_ptm": {
        "0": 0.988593339920044,
        "1": 0.9909918308258057,
        "2": 0.8075271248817444
    },
    "pair_chains_iptm": {
        "0": {
            "0": 0.988593339920044,
            "1": 0.9510949850082397,
            "2": 0.38228297233581543
        },
        "1": {
            "0": 0.9521883130073547,
            "1": 0.9909918308258057,
            "2": 0.36474183201789856
        },
        "2": {
            "0": 0.2704885005950928,
            "1": 0.2681102752685547,
            "2": 0.8075271248817444
        }
    }
}