{
    "confidence_score": 0.8892852663993835,
    "ptm": 0.8394396305084229,
    "iptm": 0.7669250965118408,
    "ligand_iptm": 0.0,
    "protein_iptm": 0.7669250965118408,
    "complex_plddt": 0.9198753237724304,
    "complex_iplddt": 0.9141376614570618,
    "complex_pde": 0.5963902473449707,
    "complex_ipde": 3.9176077842712402,
    "chains_ptm": {
        "0": 0.9887155294418335,
        "1": 0.9903479814529419,
        "2": 0.926409125328064
    },
    "pair_chains_iptm": {
        "0": {
            "0": 0.9887155294418335,
            "1": 0.9655296206474304,
            "2": 0.5782021284103394
        },
        "1": {
            "0": 0.9633399248123169,
            "1": 0.9903479814529419,
            "2": 0.5858429074287415
        },
        "2": {
            "0": 0.5523985624313354,
            "1": 0.5624629855155945,
            "2": 0.926409125328064
        }
    }
}