{
    "confidence_score": 0.8585401773452759,
    "ptm": 0.7131872177124023,
    "iptm": 0.6135585904121399,
    "ligand_iptm": 0.0,
    "protein_iptm": 0.6135585904121399,
    "complex_plddt": 0.9197855591773987,
    "complex_iplddt": 0.8831192255020142,
    "complex_pde": 0.5927860736846924,
    "complex_ipde": 4.9945220947265625,
    "chains_ptm": {
        "0": 0.9840393662452698,
        "1": 0.9897302389144897,
        "2": 0.795598030090332
    },
    "pair_chains_iptm": {
        "0": {
            "0": 0.9840393662452698,
            "1": 0.9580332040786743,
            "2": 0.46539509296417236
        },
        "1": {
            "0": 0.9614461660385132,
            "1": 0.9897302389144897,
            "2": 0.4495013654232025
        },
        "2": {
            "0": 0.37597066164016724,
            "1": 0.38316985964775085,
            "2": 0.795598030090332
        }
    }
}