{
    "confidence_score": 0.7800502181053162,
    "ptm": 0.6838858723640442,
    "iptm": 0.4029986560344696,
    "ligand_iptm": 0.0,
    "protein_iptm": 0.4029986560344696,
    "complex_plddt": 0.8743130564689636,
    "complex_iplddt": 0.8722769618034363,
    "complex_pde": 0.7678530216217041,
    "complex_ipde": 8.848400115966797,
    "chains_ptm": {
        "0": 0.9877048134803772,
        "1": 0.9887092709541321,
        "2": 0.888232409954071
    },
    "pair_chains_iptm": {
        "0": {
            "0": 0.9877048134803772,
            "1": 0.9439282417297363,
            "2": 0.2691596448421478
        },
        "1": {
            "0": 0.9410152435302734,
            "1": 0.9887092709541321,
            "2": 0.2761915922164917
        },
        "2": {
            "0": 0.2697664201259613,
            "1": 0.2777535617351532,
            "2": 0.888232409954071
        }
    }
}