{
    "confidence_score": 0.8333501815795898,
    "ptm": 0.5787355899810791,
    "iptm": 0.43120092153549194,
    "ligand_iptm": 0.0,
    "protein_iptm": 0.43120092153549194,
    "complex_plddt": 0.9338875412940979,
    "complex_iplddt": 0.951055645942688,
    "complex_pde": 0.7227503061294556,
    "complex_ipde": 7.265495300292969,
    "chains_ptm": {
        "0": 0.9891387820243835,
        "1": 0.9921364188194275,
        "2": 0.8121362924575806
    },
    "pair_chains_iptm": {
        "0": {
            "0": 0.9891387820243835,
            "1": 0.9519180059432983,
            "2": 0.35151612758636475
        },
        "1": {
            "0": 0.9559426307678223,
            "1": 0.9921364188194275,
            "2": 0.3344281017780304
        },
        "2": {
            "0": 0.2456439584493637,
            "1": 0.2481251358985901,
            "2": 0.8121362924575806
        }
    }
}