{
    "confidence_score": 0.8680387735366821,
    "ptm": 0.757390022277832,
    "iptm": 0.6734113693237305,
    "ligand_iptm": 0.0,
    "protein_iptm": 0.6734113693237305,
    "complex_plddt": 0.9166956543922424,
    "complex_iplddt": 0.8817504644393921,
    "complex_pde": 0.5266778469085693,
    "complex_ipde": 3.7905941009521484,
    "chains_ptm": {
        "0": 0.9835512042045593,
        "1": 0.9895194172859192,
        "2": 0.8015516400337219
    },
    "pair_chains_iptm": {
        "0": {
            "0": 0.9835512042045593,
            "1": 0.9583094120025635,
            "2": 0.5934651494026184
        },
        "1": {
            "0": 0.9604398608207703,
            "1": 0.9895194172859192,
            "2": 0.5888368487358093
        },
        "2": {
            "0": 0.47847598791122437,
            "1": 0.48756179213523865,
            "2": 0.8015516400337219
        }
    }
}