{
    "confidence_score": 0.7353543639183044,
    "ptm": 0.5567537546157837,
    "iptm": 0.6488960385322571,
    "ligand_iptm": 0.0,
    "protein_iptm": 0.6488960385322571,
    "complex_plddt": 0.7569689154624939,
    "complex_iplddt": 0.7923689484596252,
    "complex_pde": 1.5090097188949585,
    "complex_ipde": 5.384322643280029,
    "chains_ptm": {
        "0": 0.9825406074523926,
        "1": 0.9821361899375916,
        "2": 0.5739105939865112
    },
    "pair_chains_iptm": {
        "0": {
            "0": 0.9825406074523926,
            "1": 0.9309123158454895,
            "2": 0.6623182892799377
        },
        "1": {
            "0": 0.933979868888855,
            "1": 0.9821361899375916,
            "2": 0.6341314911842346
        },
        "2": {
            "0": 0.3915674090385437,
            "1": 0.3804172873497009,
            "2": 0.5739105939865112
        }
    }
}