{
    "confidence_score": 0.942298412322998,
    "ptm": 0.932047963142395,
    "iptm": 0.9405257701873779,
    "ligand_iptm": 0.0,
    "protein_iptm": 0.9405257701873779,
    "complex_plddt": 0.9427415728569031,
    "complex_iplddt": 0.9544707536697388,
    "complex_pde": 0.38423147797584534,
    "complex_ipde": 0.5477968454360962,
    "chains_ptm": {
        "0": 0.9912441968917847,
        "1": 0.9904341101646423,
        "2": 0.9326677322387695
    },
    "pair_chains_iptm": {
        "0": {
            "0": 0.9912441968917847,
            "1": 0.9732382297515869,
            "2": 0.9385945200920105
        },
        "1": {
            "0": 0.9714894890785217,
            "1": 0.9904341101646423,
            "2": 0.9442611336708069
        },
        "2": {
            "0": 0.8563267588615417,
            "1": 0.8783288598060608,
            "2": 0.9326677322387695
        }
    }
}