{
    "confidence_score": 0.8255792856216431,
    "ptm": 0.5502276420593262,
    "iptm": 0.42969146370887756,
    "ligand_iptm": 0.0,
    "protein_iptm": 0.42969146370887756,
    "complex_plddt": 0.924551248550415,
    "complex_iplddt": 0.9423291087150574,
    "complex_pde": 0.7654548287391663,
    "complex_ipde": 7.105657577514648,
    "chains_ptm": {
        "0": 0.988882839679718,
        "1": 0.9916741847991943,
        "2": 0.7716436386108398
    },
    "pair_chains_iptm": {
        "0": {
            "0": 0.988882839679718,
            "1": 0.9552801847457886,
            "2": 0.34932467341423035
        },
        "1": {
            "0": 0.9573637247085571,
            "1": 0.9916741847991943,
            "2": 0.3253866732120514
        },
        "2": {
            "0": 0.2438196837902069,
            "1": 0.24513627588748932,
            "2": 0.7716436386108398
        }
    }
}