{
    "confidence_score": 0.7702125906944275,
    "ptm": 0.6402697563171387,
    "iptm": 0.3437005877494812,
    "ligand_iptm": 0.0,
    "protein_iptm": 0.3437005877494812,
    "complex_plddt": 0.8768405318260193,
    "complex_iplddt": 0.8600181937217712,
    "complex_pde": 0.8390913605690002,
    "complex_ipde": 9.926739692687988,
    "chains_ptm": {
        "0": 0.9846103191375732,
        "1": 0.9878388047218323,
        "2": 0.8699920773506165
    },
    "pair_chains_iptm": {
        "0": {
            "0": 0.9846103191375732,
            "1": 0.9376782178878784,
            "2": 0.17783957719802856
        },
        "1": {
            "0": 0.9369654655456543,
            "1": 0.9878388047218323,
            "2": 0.18739262223243713
        },
        "2": {
            "0": 0.18861806392669678,
            "1": 0.20084330439567566,
            "2": 0.8699920773506165
        }
    }
}