{
    "confidence_score": 0.9155278205871582,
    "ptm": 0.8092418313026428,
    "iptm": 0.8008442521095276,
    "ligand_iptm": 0.0,
    "protein_iptm": 0.8008442521095276,
    "complex_plddt": 0.9441986680030823,
    "complex_iplddt": 0.9485694169998169,
    "complex_pde": 0.3759455978870392,
    "complex_ipde": 1.731535792350769,
    "chains_ptm": {
        "0": 0.98948734998703,
        "1": 0.990732729434967,
        "2": 0.8673970103263855
    },
    "pair_chains_iptm": {
        "0": {
            "0": 0.98948734998703,
            "1": 0.9699463844299316,
            "2": 0.7894538044929504
        },
        "1": {
            "0": 0.9687553644180298,
            "1": 0.990732729434967,
            "2": 0.8135123252868652
        },
        "2": {
            "0": 0.6252477765083313,
            "1": 0.6193609237670898,
            "2": 0.8673970103263855
        }
    }
}