{
    "confidence_score": 0.9466887712478638,
    "ptm": 0.9572993516921997,
    "iptm": 0.9410843253135681,
    "ligand_iptm": 0.0,
    "protein_iptm": 0.9410843253135681,
    "complex_plddt": 0.9480898976325989,
    "complex_iplddt": 0.9260233640670776,
    "complex_pde": 0.3142973482608795,
    "complex_ipde": 0.7312990427017212,
    "chains_ptm": {
        "0": 0.9909268021583557,
        "1": 0.991850733757019,
        "2": 0.9773482084274292
    },
    "pair_chains_iptm": {
        "0": {
            "0": 0.9909268021583557,
            "1": 0.9738237857818604,
            "2": 0.8813866376876831
        },
        "1": {
            "0": 0.9728668332099915,
            "1": 0.991850733757019,
            "2": 0.8855706453323364
        },
        "2": {
            "0": 0.898321807384491,
            "1": 0.9065837860107422,
            "2": 0.9773482084274292
        }
    }
}