{
    "confidence_score": 0.8414322137832642,
    "ptm": 0.6342816948890686,
    "iptm": 0.5142226219177246,
    "ligand_iptm": 0.0,
    "protein_iptm": 0.5142226219177246,
    "complex_plddt": 0.9232345223426819,
    "complex_iplddt": 0.9283878207206726,
    "complex_pde": 0.5542663931846619,
    "complex_ipde": 5.348814487457275,
    "chains_ptm": {
        "0": 0.9891535639762878,
        "1": 0.9901341795921326,
        "2": 0.8479618430137634
    },
    "pair_chains_iptm": {
        "0": {
            "0": 0.9891535639762878,
            "1": 0.9642748832702637,
            "2": 0.3126176595687866
        },
        "1": {
            "0": 0.9644837975502014,
            "1": 0.9901341795921326,
            "2": 0.3513346016407013
        },
        "2": {
            "0": 0.24365805089473724,
            "1": 0.25305551290512085,
            "2": 0.8479618430137634
        }
    }
}