{
    "confidence_score": 0.6668834090232849,
    "ptm": 0.6858674883842468,
    "iptm": 0.37033459544181824,
    "ligand_iptm": 0.0,
    "protein_iptm": 0.37033459544181824,
    "complex_plddt": 0.7410205602645874,
    "complex_iplddt": 0.7857100367546082,
    "complex_pde": 1.0575920343399048,
    "complex_ipde": 7.447288513183594,
    "chains_ptm": {
        "0": 0.986388087272644,
        "1": 0.9862841963768005,
        "2": 0.8671584129333496
    },
    "pair_chains_iptm": {
        "0": {
            "0": 0.986388087272644,
            "1": 0.9383381605148315,
            "2": 0.2795892655849457
        },
        "1": {
            "0": 0.9358745217323303,
            "1": 0.9862841963768005,
            "2": 0.28710097074508667
        },
        "2": {
            "0": 0.2377818077802658,
            "1": 0.24444693326950073,
            "2": 0.8671584129333496
        }
    }
}