{
    "confidence_score": 0.708012580871582,
    "ptm": 0.6590266227722168,
    "iptm": 0.4806578457355499,
    "ligand_iptm": 0.0,
    "protein_iptm": 0.4806578457355499,
    "complex_plddt": 0.7648512721061707,
    "complex_iplddt": 0.7875211238861084,
    "complex_pde": 1.018349289894104,
    "complex_ipde": 6.410829067230225,
    "chains_ptm": {
        "0": 0.980861485004425,
        "1": 0.9805793762207031,
        "2": 0.7823174595832825
    },
    "pair_chains_iptm": {
        "0": {
            "0": 0.980861485004425,
            "1": 0.9054028987884521,
            "2": 0.4960019588470459
        },
        "1": {
            "0": 0.9148879647254944,
            "1": 0.9805793762207031,
            "2": 0.46574267745018005
        },
        "2": {
            "0": 0.3857623338699341,
            "1": 0.3698982000350952,
            "2": 0.7823174595832825
        }
    }
}