{
    "confidence_score": 0.828466534614563,
    "ptm": 0.5730544328689575,
    "iptm": 0.43221285939216614,
    "ligand_iptm": 0.0,
    "protein_iptm": 0.43221285939216614,
    "complex_plddt": 0.9275298714637756,
    "complex_iplddt": 0.9282160997390747,
    "complex_pde": 0.6348249912261963,
    "complex_ipde": 6.59965705871582,
    "chains_ptm": {
        "0": 0.9865147471427917,
        "1": 0.98768150806427,
        "2": 0.8318250179290771
    },
    "pair_chains_iptm": {
        "0": {
            "0": 0.9865147471427917,
            "1": 0.9569953083992004,
            "2": 0.13924801349639893
        },
        "1": {
            "0": 0.9584924578666687,
            "1": 0.98768150806427,
            "2": 0.13185395300388336
        },
        "2": {
            "0": 0.11845414340496063,
            "1": 0.12090142071247101,
            "2": 0.8318250179290771
        }
    }
}