{
    "confidence_score": 0.6818916201591492,
    "ptm": 0.5281202793121338,
    "iptm": 0.3223549425601959,
    "ligand_iptm": 0.0,
    "protein_iptm": 0.3223549425601959,
    "complex_plddt": 0.7717757225036621,
    "complex_iplddt": 0.7817400693893433,
    "complex_pde": 1.4574477672576904,
    "complex_ipde": 8.82101058959961,
    "chains_ptm": {
        "0": 0.9759520888328552,
        "1": 0.9760790467262268,
        "2": 0.6513911485671997
    },
    "pair_chains_iptm": {
        "0": {
            "0": 0.9759520888328552,
            "1": 0.87538743019104,
            "2": 0.2624267637729645
        },
        "1": {
            "0": 0.8992180228233337,
            "1": 0.9760790467262268,
            "2": 0.254830539226532
        },
        "2": {
            "0": 0.23166917264461517,
            "1": 0.2235255241394043,
            "2": 0.6513911485671997
        }
    }
}