{
    "confidence_score": 0.8448106646537781,
    "ptm": 0.616958737373352,
    "iptm": 0.4912577271461487,
    "ligand_iptm": 0.0,
    "protein_iptm": 0.4912577271461487,
    "complex_plddt": 0.9331989288330078,
    "complex_iplddt": 0.9317397475242615,
    "complex_pde": 0.6063123345375061,
    "complex_ipde": 5.714277267456055,
    "chains_ptm": {
        "0": 0.9860520958900452,
        "1": 0.9870131611824036,
        "2": 0.8252443075180054
    },
    "pair_chains_iptm": {
        "0": {
            "0": 0.9860520958900452,
            "1": 0.9543353319168091,
            "2": 0.2130005657672882
        },
        "1": {
            "0": 0.9541917443275452,
            "1": 0.9870131611824036,
            "2": 0.22573477029800415
        },
        "2": {
            "0": 0.21043440699577332,
            "1": 0.21342119574546814,
            "2": 0.8252443075180054
        }
    }
}