{
    "confidence_score": 0.6651046872138977,
    "ptm": 0.700989842414856,
    "iptm": 0.34890952706336975,
    "ligand_iptm": 0.0,
    "protein_iptm": 0.34890952706336975,
    "complex_plddt": 0.7441534399986267,
    "complex_iplddt": 0.7724593877792358,
    "complex_pde": 0.9545994997024536,
    "complex_ipde": 8.269731521606445,
    "chains_ptm": {
        "0": 0.9775400161743164,
        "1": 0.9789143800735474,
        "2": 0.8627381920814514
    },
    "pair_chains_iptm": {
        "0": {
            "0": 0.9775400161743164,
            "1": 0.8932316303253174,
            "2": 0.29866236448287964
        },
        "1": {
            "0": 0.9090671539306641,
            "1": 0.9789143800735474,
            "2": 0.2622483968734741
        },
        "2": {
            "0": 0.2670176923274994,
            "1": 0.24141190946102142,
            "2": 0.8627381920814514
        }
    }
}