{
    "confidence_score": 0.9496533274650574,
    "ptm": 0.9459945559501648,
    "iptm": 0.9528253078460693,
    "ligand_iptm": 0.0,
    "protein_iptm": 0.9528253078460693,
    "complex_plddt": 0.9488603472709656,
    "complex_iplddt": 0.9581384658813477,
    "complex_pde": 0.33642926812171936,
    "complex_ipde": 0.47202637791633606,
    "chains_ptm": {
        "0": 0.9927571415901184,
        "1": 0.9922253489494324,
        "2": 0.949145495891571
    },
    "pair_chains_iptm": {
        "0": {
            "0": 0.9927571415901184,
            "1": 0.9773493409156799,
            "2": 0.9514276385307312
        },
        "1": {
            "0": 0.9773144721984863,
            "1": 0.9922253489494324,
            "2": 0.9557831883430481
        },
        "2": {
            "0": 0.8822631239891052,
            "1": 0.9012963175773621,
            "2": 0.949145495891571
        }
    }
}