{
    "confidence_score": 0.9475963711738586,
    "ptm": 0.9740456938743591,
    "iptm": 0.9645973443984985,
    "ligand_iptm": 0.0,
    "protein_iptm": 0.9645973443984985,
    "complex_plddt": 0.9433461427688599,
    "complex_iplddt": 0.9228533506393433,
    "complex_pde": 0.28477099537849426,
    "complex_ipde": 0.47942763566970825,
    "chains_ptm": {
        "0": 0.9934906363487244,
        "1": 0.9941784739494324,
        "2": 0.984198808670044
    },
    "pair_chains_iptm": {
        "0": {
            "0": 0.9934906363487244,
            "1": 0.9816275238990784,
            "2": 0.9319615364074707
        },
        "1": {
            "0": 0.981095016002655,
            "1": 0.9941784739494324,
            "2": 0.9342292547225952
        },
        "2": {
            "0": 0.9428914785385132,
            "1": 0.9472508430480957,
            "2": 0.984198808670044
        }
    }
}