{
    "confidence_score": 0.9080260396003723,
    "ptm": 0.9176180958747864,
    "iptm": 0.8774036765098572,
    "ligand_iptm": 0.0,
    "protein_iptm": 0.8774036765098572,
    "complex_plddt": 0.9156816601753235,
    "complex_iplddt": 0.8775619864463806,
    "complex_pde": 0.37951600551605225,
    "complex_ipde": 1.3317973613739014,
    "chains_ptm": {
        "0": 0.9891136288642883,
        "1": 0.987211287021637,
        "2": 0.9792609214782715
    },
    "pair_chains_iptm": {
        "0": {
            "0": 0.9891136288642883,
            "1": 0.969126284122467,
            "2": 0.7691821455955505
        },
        "1": {
            "0": 0.9679094552993774,
            "1": 0.987211287021637,
            "2": 0.7487460970878601
        },
        "2": {
            "0": 0.7845821380615234,
            "1": 0.7735750675201416,
            "2": 0.9792609214782715
        }
    }
}