{
    "confidence_score": 0.6779655814170837,
    "ptm": 0.7046255469322205,
    "iptm": 0.3870210349559784,
    "ligand_iptm": 0.0,
    "protein_iptm": 0.3870210349559784,
    "complex_plddt": 0.7507017254829407,
    "complex_iplddt": 0.7923656702041626,
    "complex_pde": 0.9797436594963074,
    "complex_ipde": 7.616640567779541,
    "chains_ptm": {
        "0": 0.9879180192947388,
        "1": 0.9879858493804932,
        "2": 0.879685640335083
    },
    "pair_chains_iptm": {
        "0": {
            "0": 0.9879180192947388,
            "1": 0.9394599199295044,
            "2": 0.3198394477367401
        },
        "1": {
            "0": 0.9404507279396057,
            "1": 0.9879858493804932,
            "2": 0.323819637298584
        },
        "2": {
            "0": 0.2603624165058136,
            "1": 0.2638401985168457,
            "2": 0.879685640335083
        }
    }
}