{
    "confidence_score": 0.8722367286682129,
    "ptm": 0.7481006979942322,
    "iptm": 0.6620880961418152,
    "ligand_iptm": 0.0,
    "protein_iptm": 0.6620880961418152,
    "complex_plddt": 0.9247739315032959,
    "complex_iplddt": 0.898988664150238,
    "complex_pde": 0.5333445072174072,
    "complex_ipde": 4.087952136993408,
    "chains_ptm": {
        "0": 0.9839584827423096,
        "1": 0.9904798865318298,
        "2": 0.8138719797134399
    },
    "pair_chains_iptm": {
        "0": {
            "0": 0.9839584827423096,
            "1": 0.9601211547851562,
            "2": 0.5855783224105835
        },
        "1": {
            "0": 0.9611706137657166,
            "1": 0.9904798865318298,
            "2": 0.5769060254096985
        },
        "2": {
            "0": 0.45018425583839417,
            "1": 0.46866661310195923,
            "2": 0.8138719797134399
        }
    }
}