{
    "confidence_score": 0.8415284156799316,
    "ptm": 0.8072356581687927,
    "iptm": 0.720026433467865,
    "ligand_iptm": 0.0,
    "protein_iptm": 0.720026433467865,
    "complex_plddt": 0.8719038963317871,
    "complex_iplddt": 0.8399652242660522,
    "complex_pde": 0.688126266002655,
    "complex_ipde": 5.054067611694336,
    "chains_ptm": {
        "0": 0.9883833527565002,
        "1": 0.9904305934906006,
        "2": 0.9294331073760986
    },
    "pair_chains_iptm": {
        "0": {
            "0": 0.9883833527565002,
            "1": 0.9642480611801147,
            "2": 0.40603718161582947
        },
        "1": {
            "0": 0.9618517160415649,
            "1": 0.9904305934906006,
            "2": 0.4163556396961212
        },
        "2": {
            "0": 0.44660353660583496,
            "1": 0.46450352668762207,
            "2": 0.9294331073760986
        }
    }
}