{
    "confidence_score": 0.890042245388031,
    "ptm": 0.8532305955886841,
    "iptm": 0.7867745757102966,
    "ligand_iptm": 0.0,
    "protein_iptm": 0.7867745757102966,
    "complex_plddt": 0.9158591032028198,
    "complex_iplddt": 0.9066656827926636,
    "complex_pde": 0.5428984761238098,
    "complex_ipde": 3.530547857284546,
    "chains_ptm": {
        "0": 0.9900586009025574,
        "1": 0.9915310740470886,
        "2": 0.9496256709098816
    },
    "pair_chains_iptm": {
        "0": {
            "0": 0.9900586009025574,
            "1": 0.9687235355377197,
            "2": 0.5834695100784302
        },
        "1": {
            "0": 0.9670432806015015,
            "1": 0.9915310740470886,
            "2": 0.5985313057899475
        },
        "2": {
            "0": 0.5880662798881531,
            "1": 0.6016613245010376,
            "2": 0.9496256709098816
        }
    }
}