{
    "confidence_score": 0.8921932578086853,
    "ptm": 0.8253749012947083,
    "iptm": 0.7940061688423157,
    "ligand_iptm": 0.0,
    "protein_iptm": 0.7940061688423157,
    "complex_plddt": 0.9167399406433105,
    "complex_iplddt": 0.8751369714736938,
    "complex_pde": 0.3872655928134918,
    "complex_ipde": 1.9374693632125854,
    "chains_ptm": {
        "0": 0.9899967908859253,
        "1": 0.9927417635917664,
        "2": 0.8318015933036804
    },
    "pair_chains_iptm": {
        "0": {
            "0": 0.9899967908859253,
            "1": 0.9743367433547974,
            "2": 0.8047938942909241
        },
        "1": {
            "0": 0.9737269878387451,
            "1": 0.9927417635917664,
            "2": 0.7817937135696411
        },
        "2": {
            "0": 0.6242327094078064,
            "1": 0.6266894340515137,
            "2": 0.8318015933036804
        }
    }
}