{
    "confidence_score": 0.6640477180480957,
    "ptm": 0.5079097151756287,
    "iptm": 0.30898481607437134,
    "ligand_iptm": 0.0,
    "protein_iptm": 0.30898481607437134,
    "complex_plddt": 0.752813458442688,
    "complex_iplddt": 0.7829068899154663,
    "complex_pde": 1.571148157119751,
    "complex_ipde": 9.067683219909668,
    "chains_ptm": {
        "0": 0.9793404340744019,
        "1": 0.9783511757850647,
        "2": 0.6284821033477783
    },
    "pair_chains_iptm": {
        "0": {
            "0": 0.9793404340744019,
            "1": 0.9016522169113159,
            "2": 0.23187288641929626
        },
        "1": {
            "0": 0.9186100363731384,
            "1": 0.9783511757850647,
            "2": 0.20324887335300446
        },
        "2": {
            "0": 0.2160719782114029,
            "1": 0.20411452651023865,
            "2": 0.6284821033477783
        }
    }
}