{
    "confidence_score": 0.8258224725723267,
    "ptm": 0.7752536535263062,
    "iptm": 0.6733905673027039,
    "ligand_iptm": 0.0,
    "protein_iptm": 0.6733905673027039,
    "complex_plddt": 0.8639304041862488,
    "complex_iplddt": 0.8194627165794373,
    "complex_pde": 0.7849149703979492,
    "complex_ipde": 5.228463649749756,
    "chains_ptm": {
        "0": 0.9864959120750427,
        "1": 0.988792359828949,
        "2": 0.8607144355773926
    },
    "pair_chains_iptm": {
        "0": {
            "0": 0.9864959120750427,
            "1": 0.9598514437675476,
            "2": 0.3957732915878296
        },
        "1": {
            "0": 0.9594666957855225,
            "1": 0.988792359828949,
            "2": 0.40093982219696045
        },
        "2": {
            "0": 0.35492295026779175,
            "1": 0.37617170810699463,
            "2": 0.8607144355773926
        }
    }
}