{
    "confidence_score": 0.9429052472114563,
    "ptm": 0.9339587092399597,
    "iptm": 0.9430566430091858,
    "ligand_iptm": 0.0,
    "protein_iptm": 0.9430566430091858,
    "complex_plddt": 0.9428673386573792,
    "complex_iplddt": 0.9551103115081787,
    "complex_pde": 0.3783666491508484,
    "complex_ipde": 0.5308864712715149,
    "chains_ptm": {
        "0": 0.9918277859687805,
        "1": 0.990678608417511,
        "2": 0.9342015385627747
    },
    "pair_chains_iptm": {
        "0": {
            "0": 0.9918277859687805,
            "1": 0.9739943146705627,
            "2": 0.9419788122177124
        },
        "1": {
            "0": 0.972818911075592,
            "1": 0.990678608417511,
            "2": 0.944345235824585
        },
        "2": {
            "0": 0.8598056435585022,
            "1": 0.8788160085678101,
            "2": 0.9342015385627747
        }
    }
}