{
    "confidence_score": 0.9107203483581543,
    "ptm": 0.8046546578407288,
    "iptm": 0.7910141348838806,
    "ligand_iptm": 0.0,
    "protein_iptm": 0.7910141348838806,
    "complex_plddt": 0.9406469464302063,
    "complex_iplddt": 0.9407551884651184,
    "complex_pde": 0.3826339542865753,
    "complex_ipde": 1.8710952997207642,
    "chains_ptm": {
        "0": 0.9902361631393433,
        "1": 0.9905948042869568,
        "2": 0.8569129705429077
    },
    "pair_chains_iptm": {
        "0": {
            "0": 0.9902361631393433,
            "1": 0.9695546627044678,
            "2": 0.782300591468811
        },
        "1": {
            "0": 0.9707870483398438,
            "1": 0.9905948042869568,
            "2": 0.8016578555107117
        },
        "2": {
            "0": 0.6120774149894714,
            "1": 0.6088091135025024,
            "2": 0.8569129705429077
        }
    }
}