{
    "confidence_score": 0.9554021954536438,
    "ptm": 0.9716914296150208,
    "iptm": 0.9614676237106323,
    "ligand_iptm": 0.0,
    "protein_iptm": 0.9614676237106323,
    "complex_plddt": 0.9538858532905579,
    "complex_iplddt": 0.9366428256034851,
    "complex_pde": 0.2856064438819885,
    "complex_ipde": 0.4466281831264496,
    "chains_ptm": {
        "0": 0.9926844835281372,
        "1": 0.9934765100479126,
        "2": 0.9816151857376099
    },
    "pair_chains_iptm": {
        "0": {
            "0": 0.9926844835281372,
            "1": 0.9798130989074707,
            "2": 0.9293805360794067
        },
        "1": {
            "0": 0.9782954454421997,
            "1": 0.9934765100479126,
            "2": 0.9291617274284363
        },
        "2": {
            "0": 0.9395037889480591,
            "1": 0.9431964159011841,
            "2": 0.9816151857376099
        }
    }
}