{
    "confidence_score": 0.6853169798851013,
    "ptm": 0.6986135840415955,
    "iptm": 0.3968120515346527,
    "ligand_iptm": 0.0,
    "protein_iptm": 0.3968120515346527,
    "complex_plddt": 0.7574432492256165,
    "complex_iplddt": 0.7857441902160645,
    "complex_pde": 1.1258728504180908,
    "complex_ipde": 7.3790082931518555,
    "chains_ptm": {
        "0": 0.9862242937088013,
        "1": 0.987382709980011,
        "2": 0.8601858615875244
    },
    "pair_chains_iptm": {
        "0": {
            "0": 0.9862242937088013,
            "1": 0.9355555772781372,
            "2": 0.35189855098724365
        },
        "1": {
            "0": 0.9333772659301758,
            "1": 0.987382709980011,
            "2": 0.34347787499427795
        },
        "2": {
            "0": 0.2808833420276642,
            "1": 0.27754539251327515,
            "2": 0.8601858615875244
        }
    }
}