{
    "confidence_score": 0.762657880783081,
    "ptm": 0.6477825045585632,
    "iptm": 0.33185455203056335,
    "ligand_iptm": 0.0,
    "protein_iptm": 0.33185455203056335,
    "complex_plddt": 0.8703587055206299,
    "complex_iplddt": 0.8519519567489624,
    "complex_pde": 0.8202035427093506,
    "complex_ipde": 10.321105003356934,
    "chains_ptm": {
        "0": 0.9828537702560425,
        "1": 0.9883286952972412,
        "2": 0.8842092752456665
    },
    "pair_chains_iptm": {
        "0": {
            "0": 0.9828537702560425,
            "1": 0.9297052621841431,
            "2": 0.17043916881084442
        },
        "1": {
            "0": 0.9293332695960999,
            "1": 0.9883286952972412,
            "2": 0.17991171777248383
        },
        "2": {
            "0": 0.1786017268896103,
            "1": 0.1881399303674698,
            "2": 0.8842092752456665
        }
    }
}