{
    "confidence_score": 0.8212680816650391,
    "ptm": 0.5291796922683716,
    "iptm": 0.38675105571746826,
    "ligand_iptm": 0.0,
    "protein_iptm": 0.38675105571746826,
    "complex_plddt": 0.9298973083496094,
    "complex_iplddt": 0.940746545791626,
    "complex_pde": 0.7851043343544006,
    "complex_ipde": 8.198507308959961,
    "chains_ptm": {
        "0": 0.9871717691421509,
        "1": 0.9906927943229675,
        "2": 0.7861257195472717
    },
    "pair_chains_iptm": {
        "0": {
            "0": 0.9871717691421509,
            "1": 0.947395920753479,
            "2": 0.24935349822044373
        },
        "1": {
            "0": 0.9481000304222107,
            "1": 0.9906927943229675,
            "2": 0.2225755751132965
        },
        "2": {
            "0": 0.19463132321834564,
            "1": 0.18994364142417908,
            "2": 0.7861257195472717
        }
    }
}