{
    "confidence_score": 0.9407379031181335,
    "ptm": 0.939778208732605,
    "iptm": 0.9505653381347656,
    "ligand_iptm": 0.0,
    "protein_iptm": 0.9505653381347656,
    "complex_plddt": 0.9382809996604919,
    "complex_iplddt": 0.951994776725769,
    "complex_pde": 0.3692493438720703,
    "complex_ipde": 0.4646206498146057,
    "chains_ptm": {
        "0": 0.9922453165054321,
        "1": 0.9917562007904053,
        "2": 0.9412230849266052
    },
    "pair_chains_iptm": {
        "0": {
            "0": 0.9922453165054321,
            "1": 0.9757372140884399,
            "2": 0.9492480158805847
        },
        "1": {
            "0": 0.9743878245353699,
            "1": 0.9917562007904053,
            "2": 0.9526986479759216
        },
        "2": {
            "0": 0.8730190992355347,
            "1": 0.8894875645637512,
            "2": 0.9412230849266052
        }
    }
}