{
    "confidence_score": 0.8757506608963013,
    "ptm": 0.8782262206077576,
    "iptm": 0.8282485008239746,
    "ligand_iptm": 0.0,
    "protein_iptm": 0.8282485008239746,
    "complex_plddt": 0.8876261711120605,
    "complex_iplddt": 0.8710310459136963,
    "complex_pde": 0.4511791169643402,
    "complex_ipde": 1.8206074237823486,
    "chains_ptm": {
        "0": 0.9727782607078552,
        "1": 0.9730584621429443,
        "2": 0.9557530879974365
    },
    "pair_chains_iptm": {
        "0": {
            "0": 0.9727782607078552,
            "1": 0.9239693880081177,
            "2": 0.7026759386062622
        },
        "1": {
            "0": 0.9259105920791626,
            "1": 0.9730584621429443,
            "2": 0.704857587814331
        },
        "2": {
            "0": 0.7281898260116577,
            "1": 0.7237458825111389,
            "2": 0.9557530879974365
        }
    }
}