{
    "confidence_score": 0.8182206153869629,
    "ptm": 0.8476238250732422,
    "iptm": 0.7784999012947083,
    "ligand_iptm": 0.0,
    "protein_iptm": 0.7784999012947083,
    "complex_plddt": 0.828150749206543,
    "complex_iplddt": 0.7726311087608337,
    "complex_pde": 0.4915565848350525,
    "complex_ipde": 2.2093045711517334,
    "chains_ptm": {
        "0": 0.9729173183441162,
        "1": 0.9710717797279358,
        "2": 0.9567123055458069
    },
    "pair_chains_iptm": {
        "0": {
            "0": 0.9729173183441162,
            "1": 0.9218131303787231,
            "2": 0.5671570301055908
        },
        "1": {
            "0": 0.9234585165977478,
            "1": 0.9710717797279358,
            "2": 0.5440646409988403
        },
        "2": {
            "0": 0.6247215270996094,
            "1": 0.6165357828140259,
            "2": 0.9567123055458069
        }
    }
}