{
    "confidence_score": 0.856183648109436,
    "ptm": 0.915969967842102,
    "iptm": 0.9241020679473877,
    "ligand_iptm": 0.0,
    "protein_iptm": 0.9241020679473877,
    "complex_plddt": 0.8392040729522705,
    "complex_iplddt": 0.8468552231788635,
    "complex_pde": 0.3988534212112427,
    "complex_ipde": 0.8394789099693298,
    "chains_ptm": {
        "0": 0.98519366979599,
        "1": 0.9871563911437988,
        "2": 0.9317944049835205
    },
    "pair_chains_iptm": {
        "0": {
            "0": 0.98519366979599,
            "1": 0.9577091932296753,
            "2": 0.9213224053382874
        },
        "1": {
            "0": 0.9586808085441589,
            "1": 0.9871563911437988,
            "2": 0.9270601272583008
        },
        "2": {
            "0": 0.8258812427520752,
            "1": 0.8495133519172668,
            "2": 0.9317944049835205
        }
    }
}