{
    "confidence_score": 0.9055306315422058,
    "ptm": 0.9146051406860352,
    "iptm": 0.872685968875885,
    "ligand_iptm": 0.0,
    "protein_iptm": 0.872685968875885,
    "complex_plddt": 0.9137417674064636,
    "complex_iplddt": 0.8742071986198425,
    "complex_pde": 0.38507261872291565,
    "complex_ipde": 1.3869585990905762,
    "chains_ptm": {
        "0": 0.9891379475593567,
        "1": 0.9870399236679077,
        "2": 0.9802094101905823
    },
    "pair_chains_iptm": {
        "0": {
            "0": 0.9891379475593567,
            "1": 0.9701274633407593,
            "2": 0.7680239677429199
        },
        "1": {
            "0": 0.9683523774147034,
            "1": 0.9870399236679077,
            "2": 0.7540687918663025
        },
        "2": {
            "0": 0.7755854725837708,
            "1": 0.7606304883956909,
            "2": 0.9802094101905823
        }
    }
}