{
    "confidence_score": 0.8833562731742859,
    "ptm": 0.8918888568878174,
    "iptm": 0.8548017144203186,
    "ligand_iptm": 0.0,
    "protein_iptm": 0.8548017144203186,
    "complex_plddt": 0.8904949426651001,
    "complex_iplddt": 0.8800091743469238,
    "complex_pde": 0.4363049268722534,
    "complex_ipde": 1.2167167663574219,
    "chains_ptm": {
        "0": 0.9699594974517822,
        "1": 0.970915675163269,
        "2": 0.9458661079406738
    },
    "pair_chains_iptm": {
        "0": {
            "0": 0.9699594974517822,
            "1": 0.9145445823669434,
            "2": 0.7777273654937744
        },
        "1": {
            "0": 0.9161965250968933,
            "1": 0.970915675163269,
            "2": 0.7841321229934692
        },
        "2": {
            "0": 0.7807604670524597,
            "1": 0.7895779013633728,
            "2": 0.9458661079406738
        }
    }
}