{
    "confidence_score": 0.8283729553222656,
    "ptm": 0.5718175768852234,
    "iptm": 0.42988383769989014,
    "ligand_iptm": 0.0,
    "protein_iptm": 0.42988383769989014,
    "complex_plddt": 0.9279952645301819,
    "complex_iplddt": 0.9356586933135986,
    "complex_pde": 0.6124053597450256,
    "complex_ipde": 6.408531188964844,
    "chains_ptm": {
        "0": 0.9897304773330688,
        "1": 0.98965984582901,
        "2": 0.8402038216590881
    },
    "pair_chains_iptm": {
        "0": {
            "0": 0.9897304773330688,
            "1": 0.9636937379837036,
            "2": 0.1377556025981903
        },
        "1": {
            "0": 0.9659750461578369,
            "1": 0.98965984582901,
            "2": 0.12574079632759094
        },
        "2": {
            "0": 0.11005036532878876,
            "1": 0.11298777908086777,
            "2": 0.8402038216590881
        }
    }
}