{
    "confidence_score": 0.9314606785774231,
    "ptm": 0.9593124985694885,
    "iptm": 0.9413160681724548,
    "ligand_iptm": 0.0,
    "protein_iptm": 0.9413160681724548,
    "complex_plddt": 0.9289968609809875,
    "complex_iplddt": 0.9022216200828552,
    "complex_pde": 0.3124573230743408,
    "complex_ipde": 0.6303286552429199,
    "chains_ptm": {
        "0": 0.9913166761398315,
        "1": 0.9888395667076111,
        "2": 0.9842349290847778
    },
    "pair_chains_iptm": {
        "0": {
            "0": 0.9913166761398315,
            "1": 0.9751636981964111,
            "2": 0.9187517762184143
        },
        "1": {
            "0": 0.9734888672828674,
            "1": 0.9888395667076111,
            "2": 0.890437126159668
        },
        "2": {
            "0": 0.9094502329826355,
            "1": 0.8962738513946533,
            "2": 0.9842349290847778
        }
    }
}