{
    "confidence_score": 0.8841966986656189,
    "ptm": 0.8996356129646301,
    "iptm": 0.8603302836418152,
    "ligand_iptm": 0.0,
    "protein_iptm": 0.8603302836418152,
    "complex_plddt": 0.8901633024215698,
    "complex_iplddt": 0.8782951235771179,
    "complex_pde": 0.4193313419818878,
    "complex_ipde": 1.1928274631500244,
    "chains_ptm": {
        "0": 0.9727367758750916,
        "1": 0.9736282229423523,
        "2": 0.9497374296188354
    },
    "pair_chains_iptm": {
        "0": {
            "0": 0.9727367758750916,
            "1": 0.922884464263916,
            "2": 0.7885234951972961
        },
        "1": {
            "0": 0.9248913526535034,
            "1": 0.9736282229423523,
            "2": 0.7810202240943909
        },
        "2": {
            "0": 0.7950354814529419,
            "1": 0.7920371890068054,
            "2": 0.9497374296188354
        }
    }
}