{
    "confidence_score": 0.7498392462730408,
    "ptm": 0.7103307843208313,
    "iptm": 0.5844905972480774,
    "ligand_iptm": 0.0,
    "protein_iptm": 0.5844905972480774,
    "complex_plddt": 0.791176438331604,
    "complex_iplddt": 0.730771005153656,
    "complex_pde": 0.9633302688598633,
    "complex_ipde": 6.360450267791748,
    "chains_ptm": {
        "0": 0.9628720879554749,
        "1": 0.9693009257316589,
        "2": 0.7409356832504272
    },
    "pair_chains_iptm": {
        "0": {
            "0": 0.9628720879554749,
            "1": 0.8800753951072693,
            "2": 0.2745252251625061
        },
        "1": {
            "0": 0.8844202756881714,
            "1": 0.9693009257316589,
            "2": 0.28245997428894043
        },
        "2": {
            "0": 0.2694704234600067,
            "1": 0.2713255286216736,
            "2": 0.7409356832504272
        }
    }
}