{
    "confidence_score": 0.8853287696838379,
    "ptm": 0.8972247838973999,
    "iptm": 0.8570818901062012,
    "ligand_iptm": 0.0,
    "protein_iptm": 0.8570818901062012,
    "complex_plddt": 0.8923904895782471,
    "complex_iplddt": 0.8782145977020264,
    "complex_pde": 0.43254542350769043,
    "complex_ipde": 1.1473065614700317,
    "chains_ptm": {
        "0": 0.9700890779495239,
        "1": 0.9705061316490173,
        "2": 0.9458324313163757
    },
    "pair_chains_iptm": {
        "0": {
            "0": 0.9700890779495239,
            "1": 0.9135399460792542,
            "2": 0.8004294037818909
        },
        "1": {
            "0": 0.9168525338172913,
            "1": 0.9705061316490173,
            "2": 0.7907325029373169
        },
        "2": {
            "0": 0.7984079718589783,
            "1": 0.791386067867279,
            "2": 0.9458324313163757
        }
    }
}