{
    "confidence_score": 0.5938690304756165,
    "ptm": 0.5789366960525513,
    "iptm": 0.33501842617988586,
    "ligand_iptm": 0.0,
    "protein_iptm": 0.33501842617988586,
    "complex_plddt": 0.6585816740989685,
    "complex_iplddt": 0.7095261216163635,
    "complex_pde": 1.8262802362442017,
    "complex_ipde": 9.193649291992188,
    "chains_ptm": {
        "0": 0.9741910696029663,
        "1": 0.9736299514770508,
        "2": 0.7260775566101074
    },
    "pair_chains_iptm": {
        "0": {
            "0": 0.9741910696029663,
            "1": 0.8939179182052612,
            "2": 0.27269667387008667
        },
        "1": {
            "0": 0.9007329344749451,
            "1": 0.9736299514770508,
            "2": 0.26617366075515747
        },
        "2": {
            "0": 0.2149461805820465,
            "1": 0.2086365818977356,
            "2": 0.7260775566101074
        }
    }
}