{
    "confidence_score": 0.7880550026893616,
    "ptm": 0.7075844407081604,
    "iptm": 0.6102583408355713,
    "ligand_iptm": 0.0,
    "protein_iptm": 0.6102583408355713,
    "complex_plddt": 0.832504153251648,
    "complex_iplddt": 0.815092921257019,
    "complex_pde": 0.6264950037002563,
    "complex_ipde": 4.591808795928955,
    "chains_ptm": {
        "0": 0.9655925035476685,
        "1": 0.9766085743904114,
        "2": 0.7136114239692688
    },
    "pair_chains_iptm": {
        "0": {
            "0": 0.9655925035476685,
            "1": 0.9143147468566895,
            "2": 0.5644693374633789
        },
        "1": {
            "0": 0.9138292074203491,
            "1": 0.9766085743904114,
            "2": 0.5618152618408203
        },
        "2": {
            "0": 0.3925504982471466,
            "1": 0.399352103471756,
            "2": 0.7136114239692688
        }
    }
}