{
    "confidence_score": 0.8871679306030273,
    "ptm": 0.9286169409751892,
    "iptm": 0.9018109440803528,
    "ligand_iptm": 0.0,
    "protein_iptm": 0.9018109440803528,
    "complex_plddt": 0.8835071921348572,
    "complex_iplddt": 0.8707605600357056,
    "complex_pde": 0.3650151193141937,
    "complex_ipde": 0.7327203154563904,
    "chains_ptm": {
        "0": 0.9788403511047363,
        "1": 0.9782789945602417,
        "2": 0.9619011282920837
    },
    "pair_chains_iptm": {
        "0": {
            "0": 0.9788403511047363,
            "1": 0.9367559552192688,
            "2": 0.8702201247215271
        },
        "1": {
            "0": 0.9384884834289551,
            "1": 0.9782789945602417,
            "2": 0.8626745343208313
        },
        "2": {
            "0": 0.8640952110290527,
            "1": 0.8636600971221924,
            "2": 0.9619011282920837
        }
    }
}