{
    "confidence_score": 0.7419270873069763,
    "ptm": 0.6380859613418579,
    "iptm": 0.5158443450927734,
    "ligand_iptm": 0.0,
    "protein_iptm": 0.5158443450927734,
    "complex_plddt": 0.7984477877616882,
    "complex_iplddt": 0.7759675979614258,
    "complex_pde": 0.6621623039245605,
    "complex_ipde": 5.514671802520752,
    "chains_ptm": {
        "0": 0.9761789441108704,
        "1": 0.976822555065155,
        "2": 0.71476149559021
    },
    "pair_chains_iptm": {
        "0": {
            "0": 0.9761789441108704,
            "1": 0.9185967445373535,
            "2": 0.3252663314342499
        },
        "1": {
            "0": 0.9218656420707703,
            "1": 0.976822555065155,
            "2": 0.33655670285224915
        },
        "2": {
            "0": 0.2778944671154022,
            "1": 0.2713160216808319,
            "2": 0.71476149559021
        }
    }
}