{
    "confidence_score": 0.7480512857437134,
    "ptm": 0.6940599679946899,
    "iptm": 0.5621735453605652,
    "ligand_iptm": 0.0,
    "protein_iptm": 0.5621735453605652,
    "complex_plddt": 0.7945206761360168,
    "complex_iplddt": 0.7612141966819763,
    "complex_pde": 0.9473338723182678,
    "complex_ipde": 6.521976947784424,
    "chains_ptm": {
        "0": 0.9625076651573181,
        "1": 0.9685261249542236,
        "2": 0.7763137817382812
    },
    "pair_chains_iptm": {
        "0": {
            "0": 0.9625076651573181,
            "1": 0.8786250352859497,
            "2": 0.20034022629261017
        },
        "1": {
            "0": 0.8786922693252563,
            "1": 0.9685261249542236,
            "2": 0.18952339887619019
        },
        "2": {
            "0": 0.22142480313777924,
            "1": 0.2278737723827362,
            "2": 0.7763137817382812
        }
    }
}