{
    "confidence_score": 0.7416097521781921,
    "ptm": 0.6890371441841125,
    "iptm": 0.5511183142662048,
    "ligand_iptm": 0.0,
    "protein_iptm": 0.5511183142662048,
    "complex_plddt": 0.7892325520515442,
    "complex_iplddt": 0.7437514066696167,
    "complex_pde": 0.9158371686935425,
    "complex_ipde": 6.6936798095703125,
    "chains_ptm": {
        "0": 0.9680166244506836,
        "1": 0.9728406071662903,
        "2": 0.7951526641845703
    },
    "pair_chains_iptm": {
        "0": {
            "0": 0.9680166244506836,
            "1": 0.8881286382675171,
            "2": 0.2299262136220932
        },
        "1": {
            "0": 0.8866286277770996,
            "1": 0.9728406071662903,
            "2": 0.24503865838050842
        },
        "2": {
            "0": 0.19796203076839447,
            "1": 0.20086011290550232,
            "2": 0.7951526641845703
        }
    }
}