{
    "confidence_score": 0.8267499208450317,
    "ptm": 0.5465441942214966,
    "iptm": 0.4084991216659546,
    "ligand_iptm": 0.0,
    "protein_iptm": 0.4084991216659546,
    "complex_plddt": 0.931312620639801,
    "complex_iplddt": 0.9445271492004395,
    "complex_pde": 0.77041095495224,
    "complex_ipde": 7.877098083496094,
    "chains_ptm": {
        "0": 0.9882098436355591,
        "1": 0.9908517599105835,
        "2": 0.7913214564323425
    },
    "pair_chains_iptm": {
        "0": {
            "0": 0.9882098436355591,
            "1": 0.9533258676528931,
            "2": 0.2827785611152649
        },
        "1": {
            "0": 0.9564704298973083,
            "1": 0.9908517599105835,
            "2": 0.2657366991043091
        },
        "2": {
            "0": 0.2130342572927475,
            "1": 0.21466630697250366,
            "2": 0.7913214564323425
        }
    }
}