{
    "confidence_score": 0.8226882815361023,
    "ptm": 0.8234131932258606,
    "iptm": 0.8578901290893555,
    "ligand_iptm": 0.0,
    "protein_iptm": 0.8578901290893555,
    "complex_plddt": 0.813887894153595,
    "complex_iplddt": 0.7915555834770203,
    "complex_pde": 0.3892161250114441,
    "complex_ipde": 1.362160563468933,
    "chains_ptm": {
        "0": 0.9804865121841431,
        "1": 0.983702540397644,
        "2": 0.7696858644485474
    },
    "pair_chains_iptm": {
        "0": {
            "0": 0.9804865121841431,
            "1": 0.9434097409248352,
            "2": 0.862486720085144
        },
        "1": {
            "0": 0.9507510662078857,
            "1": 0.983702540397644,
            "2": 0.85268634557724
        },
        "2": {
            "0": 0.6429060697555542,
            "1": 0.641966700553894,
            "2": 0.7696858644485474
        }
    }
}