{
    "confidence_score": 0.7957517504692078,
    "ptm": 0.7344413995742798,
    "iptm": 0.6467229723930359,
    "ligand_iptm": 0.0,
    "protein_iptm": 0.6467229723930359,
    "complex_plddt": 0.8330089449882507,
    "complex_iplddt": 0.8138575553894043,
    "complex_pde": 0.5942718386650085,
    "complex_ipde": 3.9406092166900635,
    "chains_ptm": {
        "0": 0.965681254863739,
        "1": 0.9769082069396973,
        "2": 0.7103585004806519
    },
    "pair_chains_iptm": {
        "0": {
            "0": 0.965681254863739,
            "1": 0.9147979021072388,
            "2": 0.6395473480224609
        },
        "1": {
            "0": 0.9159213900566101,
            "1": 0.9769082069396973,
            "2": 0.641725480556488
        },
        "2": {
            "0": 0.44623062014579773,
            "1": 0.4607749879360199,
            "2": 0.7103585004806519
        }
    }
}