{
    "confidence_score": 0.7523987889289856,
    "ptm": 0.6952999234199524,
    "iptm": 0.5627543926239014,
    "ligand_iptm": 0.0,
    "protein_iptm": 0.5627543926239014,
    "complex_plddt": 0.7998098731040955,
    "complex_iplddt": 0.7493772506713867,
    "complex_pde": 0.9772713780403137,
    "complex_ipde": 6.826003551483154,
    "chains_ptm": {
        "0": 0.9630341529846191,
        "1": 0.9682674407958984,
        "2": 0.770759105682373
    },
    "pair_chains_iptm": {
        "0": {
            "0": 0.9630341529846191,
            "1": 0.8757153153419495,
            "2": 0.20847681164741516
        },
        "1": {
            "0": 0.8789848685264587,
            "1": 0.9682674407958984,
            "2": 0.21974001824855804
        },
        "2": {
            "0": 0.22878724336624146,
            "1": 0.23103561997413635,
            "2": 0.770759105682373
        }
    }
}