{
    "confidence_score": 0.9108006358146667,
    "ptm": 0.8031386137008667,
    "iptm": 0.7882679104804993,
    "ligand_iptm": 0.0,
    "protein_iptm": 0.7882679104804993,
    "complex_plddt": 0.941433846950531,
    "complex_iplddt": 0.9496899843215942,
    "complex_pde": 0.3765901029109955,
    "complex_ipde": 1.8012152910232544,
    "chains_ptm": {
        "0": 0.990769624710083,
        "1": 0.9913473129272461,
        "2": 0.8633196353912354
    },
    "pair_chains_iptm": {
        "0": {
            "0": 0.990769624710083,
            "1": 0.9719291925430298,
            "2": 0.7803286910057068
        },
        "1": {
            "0": 0.9719120860099792,
            "1": 0.9913473129272461,
            "2": 0.7988476753234863
        },
        "2": {
            "0": 0.6208213567733765,
            "1": 0.6050691604614258,
            "2": 0.8633196353912354
        }
    }
}