{
    "confidence_score": 0.9089286923408508,
    "ptm": 0.9618226885795593,
    "iptm": 0.9461309313774109,
    "ligand_iptm": 0.0,
    "protein_iptm": 0.9461309313774109,
    "complex_plddt": 0.8996281027793884,
    "complex_iplddt": 0.8956161737442017,
    "complex_pde": 0.30380338430404663,
    "complex_ipde": 0.6782385110855103,
    "chains_ptm": {
        "0": 0.9931861758232117,
        "1": 0.994478166103363,
        "2": 0.9693092703819275
    },
    "pair_chains_iptm": {
        "0": {
            "0": 0.9931861758232117,
            "1": 0.9817528128623962,
            "2": 0.9250394105911255
        },
        "1": {
            "0": 0.9808309674263,
            "1": 0.994478166103363,
            "2": 0.9306380152702332
        },
        "2": {
            "0": 0.8902677297592163,
            "1": 0.9087591767311096,
            "2": 0.9693092703819275
        }
    }
}