{
    "confidence_score": 0.683121383190155,
    "ptm": 0.6421987414360046,
    "iptm": 0.4719569981098175,
    "ligand_iptm": 0.0,
    "protein_iptm": 0.4719569981098175,
    "complex_plddt": 0.7359124422073364,
    "complex_iplddt": 0.7318710088729858,
    "complex_pde": 1.2792282104492188,
    "complex_ipde": 7.788937568664551,
    "chains_ptm": {
        "0": 0.9810974597930908,
        "1": 0.9841690063476562,
        "2": 0.7690024971961975
    },
    "pair_chains_iptm": {
        "0": {
            "0": 0.9810974597930908,
            "1": 0.9199010729789734,
            "2": 0.37615200877189636
        },
        "1": {
            "0": 0.9229913353919983,
            "1": 0.9841690063476562,
            "2": 0.39383915066719055
        },
        "2": {
            "0": 0.349147766828537,
            "1": 0.3616153597831726,
            "2": 0.7690024971961975
        }
    }
}