{
    "confidence_score": 0.8921865820884705,
    "ptm": 0.9408743977546692,
    "iptm": 0.9195536375045776,
    "ligand_iptm": 0.0,
    "protein_iptm": 0.9195536375045776,
    "complex_plddt": 0.8853448033332825,
    "complex_iplddt": 0.8747422099113464,
    "complex_pde": 0.3429381549358368,
    "complex_ipde": 0.5513017177581787,
    "chains_ptm": {
        "0": 0.9795743227005005,
        "1": 0.98200923204422,
        "2": 0.9636207818984985
    },
    "pair_chains_iptm": {
        "0": {
            "0": 0.9795743227005005,
            "1": 0.9453181028366089,
            "2": 0.8984817266464233
        },
        "1": {
            "0": 0.9479512572288513,
            "1": 0.98200923204422,
            "2": 0.8932573199272156
        },
        "2": {
            "0": 0.8916769623756409,
            "1": 0.8903515934944153,
            "2": 0.9636207818984985
        }
    }
}