{
    "confidence_score": 0.7326553463935852,
    "ptm": 0.6090870499610901,
    "iptm": 0.4805888831615448,
    "ligand_iptm": 0.0,
    "protein_iptm": 0.4805888831615448,
    "complex_plddt": 0.7956719398498535,
    "complex_iplddt": 0.7671300768852234,
    "complex_pde": 0.7180829048156738,
    "complex_ipde": 6.536945819854736,
    "chains_ptm": {
        "0": 0.9744570255279541,
        "1": 0.9776124954223633,
        "2": 0.6892405152320862
    },
    "pair_chains_iptm": {
        "0": {
            "0": 0.9744570255279541,
            "1": 0.914799153804779,
            "2": 0.2036755532026291
        },
        "1": {
            "0": 0.9179367423057556,
            "1": 0.9776124954223633,
            "2": 0.19288994371891022
        },
        "2": {
            "0": 0.21864838898181915,
            "1": 0.21822300553321838,
            "2": 0.6892405152320862
        }
    }
}