{
    "confidence_score": 0.8584765791893005,
    "ptm": 0.921914279460907,
    "iptm": 0.9331075549125671,
    "ligand_iptm": 0.0,
    "protein_iptm": 0.9331075549125671,
    "complex_plddt": 0.8398187756538391,
    "complex_iplddt": 0.8427369594573975,
    "complex_pde": 0.3867242932319641,
    "complex_ipde": 0.7055734992027283,
    "chains_ptm": {
        "0": 0.9873515367507935,
        "1": 0.9878447651863098,
        "2": 0.9368398785591125
    },
    "pair_chains_iptm": {
        "0": {
            "0": 0.9873515367507935,
            "1": 0.9627293348312378,
            "2": 0.9346032738685608
        },
        "1": {
            "0": 0.9628748893737793,
            "1": 0.9878447651863098,
            "2": 0.9321671724319458
        },
        "2": {
            "0": 0.842666506767273,
            "1": 0.8598117828369141,
            "2": 0.9368398785591125
        }
    }
}