{
    "confidence_score": 0.8194446563720703,
    "ptm": 0.6946078538894653,
    "iptm": 0.7465416193008423,
    "ligand_iptm": 0.0,
    "protein_iptm": 0.7465416193008423,
    "complex_plddt": 0.8376704454421997,
    "complex_iplddt": 0.8462205529212952,
    "complex_pde": 0.7333314418792725,
    "complex_ipde": 4.65455436706543,
    "chains_ptm": {
        "0": 0.978914201259613,
        "1": 0.9836938381195068,
        "2": 0.7048784494400024
    },
    "pair_chains_iptm": {
        "0": {
            "0": 0.978914201259613,
            "1": 0.9346556663513184,
            "2": 0.7456017136573792
        },
        "1": {
            "0": 0.9359246492385864,
            "1": 0.9836938381195068,
            "2": 0.7475867867469788
        },
        "2": {
            "0": 0.5013620853424072,
            "1": 0.5130287408828735,
            "2": 0.7048784494400024
        }
    }
}