{
    "confidence_score": 0.8196768164634705,
    "ptm": 0.7237993478775024,
    "iptm": 0.7617723345756531,
    "ligand_iptm": 0.0,
    "protein_iptm": 0.7617723345756531,
    "complex_plddt": 0.8341529369354248,
    "complex_iplddt": 0.8375325202941895,
    "complex_pde": 0.6946343183517456,
    "complex_ipde": 4.213532447814941,
    "chains_ptm": {
        "0": 0.9805639386177063,
        "1": 0.9844480156898499,
        "2": 0.7216991186141968
    },
    "pair_chains_iptm": {
        "0": {
            "0": 0.9805639386177063,
            "1": 0.9390141367912292,
            "2": 0.757794976234436
        },
        "1": {
            "0": 0.9417990446090698,
            "1": 0.9844480156898499,
            "2": 0.767245352268219
        },
        "2": {
            "0": 0.5413070321083069,
            "1": 0.5605691075325012,
            "2": 0.7216991186141968
        }
    }
}