{
    "confidence_score": 0.6584552526473999,
    "ptm": 0.5859941840171814,
    "iptm": 0.33212217688560486,
    "ligand_iptm": 0.0,
    "protein_iptm": 0.33212217688560486,
    "complex_plddt": 0.7400385141372681,
    "complex_iplddt": 0.7526021003723145,
    "complex_pde": 1.4053529500961304,
    "complex_ipde": 10.349172592163086,
    "chains_ptm": {
        "0": 0.9757882952690125,
        "1": 0.9805843830108643,
        "2": 0.7722253799438477
    },
    "pair_chains_iptm": {
        "0": {
            "0": 0.9757882952690125,
            "1": 0.899557888507843,
            "2": 0.1949717104434967
        },
        "1": {
            "0": 0.9079544544219971,
            "1": 0.9805843830108643,
            "2": 0.20656423270702362
        },
        "2": {
            "0": 0.1902141273021698,
            "1": 0.19009782373905182,
            "2": 0.7722253799438477
        }
    }
}