{
    "confidence_score": 0.9050899744033813,
    "ptm": 0.8449048399925232,
    "iptm": 0.8390191197395325,
    "ligand_iptm": 0.0,
    "protein_iptm": 0.8390191197395325,
    "complex_plddt": 0.9216076135635376,
    "complex_iplddt": 0.8936464786529541,
    "complex_pde": 0.3720061779022217,
    "complex_ipde": 1.6237629652023315,
    "chains_ptm": {
        "0": 0.9899972081184387,
        "1": 0.9923372864723206,
        "2": 0.8320549726486206
    },
    "pair_chains_iptm": {
        "0": {
            "0": 0.9899972081184387,
            "1": 0.9722000360488892,
            "2": 0.8479821085929871
        },
        "1": {
            "0": 0.9720959067344666,
            "1": 0.9923372864723206,
            "2": 0.8288723230361938
        },
        "2": {
            "0": 0.6696369647979736,
            "1": 0.6631037592887878,
            "2": 0.8320549726486206
        }
    }
}