{
    "confidence_score": 0.6989218592643738,
    "ptm": 0.762295663356781,
    "iptm": 0.5579937100410461,
    "ligand_iptm": 0.0,
    "protein_iptm": 0.5579937100410461,
    "complex_plddt": 0.7341539263725281,
    "complex_iplddt": 0.7762827277183533,
    "complex_pde": 1.0370410680770874,
    "complex_ipde": 5.264406204223633,
    "chains_ptm": {
        "0": 0.9888861179351807,
        "1": 0.9893547296524048,
        "2": 0.8578416705131531
    },
    "pair_chains_iptm": {
        "0": {
            "0": 0.9888861179351807,
            "1": 0.9486685395240784,
            "2": 0.557809054851532
        },
        "1": {
            "0": 0.9447823762893677,
            "1": 0.9893547296524048,
            "2": 0.5581951141357422
        },
        "2": {
            "0": 0.4519077241420746,
            "1": 0.4532757103443146,
            "2": 0.8578416705131531
        }
    }
}