{
    "confidence_score": 0.8659015893936157,
    "ptm": 0.8798066973686218,
    "iptm": 0.8969333171844482,
    "ligand_iptm": 0.0,
    "protein_iptm": 0.8969333171844482,
    "complex_plddt": 0.8581436276435852,
    "complex_iplddt": 0.8677707314491272,
    "complex_pde": 0.5106785297393799,
    "complex_ipde": 1.075246810913086,
    "chains_ptm": {
        "0": 0.9802517890930176,
        "1": 0.9825738072395325,
        "2": 0.894393801689148
    },
    "pair_chains_iptm": {
        "0": {
            "0": 0.9802517890930176,
            "1": 0.9439358711242676,
            "2": 0.8981838822364807
        },
        "1": {
            "0": 0.9437251091003418,
            "1": 0.9825738072395325,
            "2": 0.8971879482269287
        },
        "2": {
            "0": 0.7597497701644897,
            "1": 0.7818813323974609,
            "2": 0.894393801689148
        }
    }
}