{
    "confidence_score": 0.8771654963493347,
    "ptm": 0.9431380033493042,
    "iptm": 0.9195413589477539,
    "ligand_iptm": 0.0,
    "protein_iptm": 0.9195413589477539,
    "complex_plddt": 0.8665715456008911,
    "complex_iplddt": 0.8295378088951111,
    "complex_pde": 0.34976059198379517,
    "complex_ipde": 1.1385979652404785,
    "chains_ptm": {
        "0": 0.9919660091400146,
        "1": 0.9932919144630432,
        "2": 0.9646250605583191
    },
    "pair_chains_iptm": {
        "0": {
            "0": 0.9919660091400146,
            "1": 0.9778681397438049,
            "2": 0.8317940831184387
        },
        "1": {
            "0": 0.9770939946174622,
            "1": 0.9932919144630432,
            "2": 0.8514147400856018
        },
        "2": {
            "0": 0.8451604843139648,
            "1": 0.8575689792633057,
            "2": 0.9646250605583191
        }
    }
}