{
    "confidence_score": 0.8299600481987,
    "ptm": 0.7286085486412048,
    "iptm": 0.8069339990615845,
    "ligand_iptm": 0.0,
    "protein_iptm": 0.8069339990615845,
    "complex_plddt": 0.8357165455818176,
    "complex_iplddt": 0.8523015379905701,
    "complex_pde": 0.665479838848114,
    "complex_ipde": 3.8570303916931152,
    "chains_ptm": {
        "0": 0.981933057308197,
        "1": 0.9856922030448914,
        "2": 0.7527956962585449
    },
    "pair_chains_iptm": {
        "0": {
            "0": 0.981933057308197,
            "1": 0.9416796565055847,
            "2": 0.8088148832321167
        },
        "1": {
            "0": 0.9424487948417664,
            "1": 0.9856922030448914,
            "2": 0.8050428032875061
        },
        "2": {
            "0": 0.5580439567565918,
            "1": 0.5672319531440735,
            "2": 0.7527956962585449
        }
    }
}