{
    "confidence_score": 0.7486576437950134,
    "ptm": 0.6407962441444397,
    "iptm": 0.5191950798034668,
    "ligand_iptm": 0.0,
    "protein_iptm": 0.5191950798034668,
    "complex_plddt": 0.8060232400894165,
    "complex_iplddt": 0.7810413837432861,
    "complex_pde": 0.6603133678436279,
    "complex_ipde": 5.476002216339111,
    "chains_ptm": {
        "0": 0.9746882319450378,
        "1": 0.9757373332977295,
        "2": 0.7154502272605896
    },
    "pair_chains_iptm": {
        "0": {
            "0": 0.9746882319450378,
            "1": 0.9140014052391052,
            "2": 0.3231084644794464
        },
        "1": {
            "0": 0.9191407561302185,
            "1": 0.9757373332977295,
            "2": 0.3363381624221802
        },
        "2": {
            "0": 0.28612270951271057,
            "1": 0.27966776490211487,
            "2": 0.7154502272605896
        }
    }
}