{
    "confidence_score": 0.8090000152587891,
    "ptm": 0.7712468504905701,
    "iptm": 0.7892858982086182,
    "ligand_iptm": 0.0,
    "protein_iptm": 0.7892858982086182,
    "complex_plddt": 0.813928484916687,
    "complex_iplddt": 0.8085485100746155,
    "complex_pde": 0.5935961604118347,
    "complex_ipde": 3.2786717414855957,
    "chains_ptm": {
        "0": 0.9860676527023315,
        "1": 0.988032877445221,
        "2": 0.7602920532226562
    },
    "pair_chains_iptm": {
        "0": {
            "0": 0.9860676527023315,
            "1": 0.9550053477287292,
            "2": 0.7878813743591309
        },
        "1": {
            "0": 0.957048773765564,
            "1": 0.988032877445221,
            "2": 0.7908480167388916
        },
        "2": {
            "0": 0.6103490591049194,
            "1": 0.6334384083747864,
            "2": 0.7602920532226562
        }
    }
}