{
    "confidence_score": 0.7629022598266602,
    "ptm": 0.7218742370605469,
    "iptm": 0.6021810173988342,
    "ligand_iptm": 0.0,
    "protein_iptm": 0.6021810173988342,
    "complex_plddt": 0.8030825853347778,
    "complex_iplddt": 0.7560026049613953,
    "complex_pde": 0.8930382132530212,
    "complex_ipde": 5.906133651733398,
    "chains_ptm": {
        "0": 0.9655898809432983,
        "1": 0.9709655046463013,
        "2": 0.7820844650268555
    },
    "pair_chains_iptm": {
        "0": {
            "0": 0.9655898809432983,
            "1": 0.8868367671966553,
            "2": 0.3338855803012848
        },
        "1": {
            "0": 0.8890684843063354,
            "1": 0.9709655046463013,
            "2": 0.3500361740589142
        },
        "2": {
            "0": 0.29709166288375854,
            "1": 0.3032565712928772,
            "2": 0.7820844650268555
        }
    }
}