{
    "confidence_score": 0.9444169402122498,
    "ptm": 0.9652377367019653,
    "iptm": 0.9522128701210022,
    "ligand_iptm": 0.0,
    "protein_iptm": 0.9522128701210022,
    "complex_plddt": 0.9424678683280945,
    "complex_iplddt": 0.9175873398780823,
    "complex_pde": 0.29983991384506226,
    "complex_ipde": 0.6341902613639832,
    "chains_ptm": {
        "0": 0.9925944805145264,
        "1": 0.9929912686347961,
        "2": 0.9804506301879883
    },
    "pair_chains_iptm": {
        "0": {
            "0": 0.9925944805145264,
            "1": 0.9783050417900085,
            "2": 0.8986148834228516
        },
        "1": {
            "0": 0.9772546291351318,
            "1": 0.9929912686347961,
            "2": 0.9055090546607971
        },
        "2": {
            "0": 0.9191362857818604,
            "1": 0.9249173402786255,
            "2": 0.9804506301879883
        }
    }
}