{
    "confidence_score": 0.8282680511474609,
    "ptm": 0.7107689380645752,
    "iptm": 0.7950584888458252,
    "ligand_iptm": 0.0,
    "protein_iptm": 0.7950584888458252,
    "complex_plddt": 0.8365703821182251,
    "complex_iplddt": 0.846022367477417,
    "complex_pde": 0.6989750862121582,
    "complex_ipde": 4.003661155700684,
    "chains_ptm": {
        "0": 0.9803977012634277,
        "1": 0.9839141964912415,
        "2": 0.6931927800178528
    },
    "pair_chains_iptm": {
        "0": {
            "0": 0.9803977012634277,
            "1": 0.9404361248016357,
            "2": 0.7912171483039856
        },
        "1": {
            "0": 0.94227135181427,
            "1": 0.9839141964912415,
            "2": 0.7993305325508118
        },
        "2": {
            "0": 0.527953028678894,
            "1": 0.5378119349479675,
            "2": 0.6931927800178528
        }
    }
}