{
    "confidence_score": 0.582776665687561,
    "ptm": 0.5189222097396851,
    "iptm": 0.29228365421295166,
    "ligand_iptm": 0.0,
    "protein_iptm": 0.29228365421295166,
    "complex_plddt": 0.6553999185562134,
    "complex_iplddt": 0.7253008484840393,
    "complex_pde": 2.0828795433044434,
    "complex_ipde": 10.018051147460938,
    "chains_ptm": {
        "0": 0.9685226082801819,
        "1": 0.9682856202125549,
        "2": 0.676220178604126
    },
    "pair_chains_iptm": {
        "0": {
            "0": 0.9685226082801819,
            "1": 0.8748520612716675,
            "2": 0.17035695910453796
        },
        "1": {
            "0": 0.8837671279907227,
            "1": 0.9682856202125549,
            "2": 0.18162354826927185
        },
        "2": {
            "0": 0.16145549714565277,
            "1": 0.16190601885318756,
            "2": 0.676220178604126
        }
    }
}