{
    "confidence_score": 0.6776599287986755,
    "ptm": 0.6435622572898865,
    "iptm": 0.4624105393886566,
    "ligand_iptm": 0.0,
    "protein_iptm": 0.4624105393886566,
    "complex_plddt": 0.7314722537994385,
    "complex_iplddt": 0.7452467083930969,
    "complex_pde": 1.223914384841919,
    "complex_ipde": 7.798800468444824,
    "chains_ptm": {
        "0": 0.9803580641746521,
        "1": 0.9834780097007751,
        "2": 0.7717825174331665
    },
    "pair_chains_iptm": {
        "0": {
            "0": 0.9803580641746521,
            "1": 0.9161007404327393,
            "2": 0.38772135972976685
        },
        "1": {
            "0": 0.919173002243042,
            "1": 0.9834780097007751,
            "2": 0.38637104630470276
        },
        "2": {
            "0": 0.35630273818969727,
            "1": 0.34919342398643494,
            "2": 0.7717825174331665
        }
    }
}