{
    "confidence_score": 0.8872066736221313,
    "ptm": 0.9053022265434265,
    "iptm": 0.8713328838348389,
    "ligand_iptm": 0.0,
    "protein_iptm": 0.8713328838348389,
    "complex_plddt": 0.8911751508712769,
    "complex_iplddt": 0.8785820603370667,
    "complex_pde": 0.41016077995300293,
    "complex_ipde": 1.0674644708633423,
    "chains_ptm": {
        "0": 0.9735106825828552,
        "1": 0.9743380546569824,
        "2": 0.9532766938209534
    },
    "pair_chains_iptm": {
        "0": {
            "0": 0.9735106825828552,
            "1": 0.9236438870429993,
            "2": 0.8136045932769775
        },
        "1": {
            "0": 0.925774335861206,
            "1": 0.9743380546569824,
            "2": 0.8132050633430481
        },
        "2": {
            "0": 0.8107394576072693,
            "1": 0.8142226338386536,
            "2": 0.9532766938209534
        }
    }
}