{
    "confidence_score": 0.7703180909156799,
    "ptm": 0.6390286087989807,
    "iptm": 0.3415151536464691,
    "ligand_iptm": 0.0,
    "protein_iptm": 0.3415151536464691,
    "complex_plddt": 0.8775188326835632,
    "complex_iplddt": 0.8499969244003296,
    "complex_pde": 0.8333539962768555,
    "complex_ipde": 9.992738723754883,
    "chains_ptm": {
        "0": 0.9843418002128601,
        "1": 0.9886692762374878,
        "2": 0.8664249181747437
    },
    "pair_chains_iptm": {
        "0": {
            "0": 0.9843418002128601,
            "1": 0.9405204653739929,
            "2": 0.17615947127342224
        },
        "1": {
            "0": 0.9412268400192261,
            "1": 0.9886692762374878,
            "2": 0.18550418317317963
        },
        "2": {
            "0": 0.18873582780361176,
            "1": 0.19667983055114746,
            "2": 0.8664249181747437
        }
    }
}