{
    "confidence_score": 0.6490987539291382,
    "ptm": 0.5308480262756348,
    "iptm": 0.28823333978652954,
    "ligand_iptm": 0.0,
    "protein_iptm": 0.28823333978652954,
    "complex_plddt": 0.7393150925636292,
    "complex_iplddt": 0.7471897602081299,
    "complex_pde": 1.5615209341049194,
    "complex_ipde": 10.28687858581543,
    "chains_ptm": {
        "0": 0.9748836755752563,
        "1": 0.9799611568450928,
        "2": 0.7225725054740906
    },
    "pair_chains_iptm": {
        "0": {
            "0": 0.9748836755752563,
            "1": 0.9048244953155518,
            "2": 0.14779730141162872
        },
        "1": {
            "0": 0.9096806049346924,
            "1": 0.9799611568450928,
            "2": 0.14376632869243622
        },
        "2": {
            "0": 0.13438884913921356,
            "1": 0.13411708176136017,
            "2": 0.7225725054740906
        }
    }
}