{
    "confidence_score": 0.8861064314842224,
    "ptm": 0.8956273198127747,
    "iptm": 0.8545509576797485,
    "ligand_iptm": 0.0,
    "protein_iptm": 0.8545509576797485,
    "complex_plddt": 0.8939952254295349,
    "complex_iplddt": 0.8819335699081421,
    "complex_pde": 0.42736050486564636,
    "complex_ipde": 1.1593142747879028,
    "chains_ptm": {
        "0": 0.9704880714416504,
        "1": 0.9716516137123108,
        "2": 0.9494537711143494
    },
    "pair_chains_iptm": {
        "0": {
            "0": 0.9704880714416504,
            "1": 0.9163879752159119,
            "2": 0.7921658754348755
        },
        "1": {
            "0": 0.9190477132797241,
            "1": 0.9716516137123108,
            "2": 0.7839187979698181
        },
        "2": {
            "0": 0.7909076809883118,
            "1": 0.7870407104492188,
            "2": 0.9494537711143494
        }
    }
}