{
    "confidence_score": 0.7296222448348999,
    "ptm": 0.5672656893730164,
    "iptm": 0.4254762828350067,
    "ligand_iptm": 0.0,
    "protein_iptm": 0.4254762828350067,
    "complex_plddt": 0.8056586980819702,
    "complex_iplddt": 0.7898377776145935,
    "complex_pde": 0.8017623424530029,
    "complex_ipde": 8.591012001037598,
    "chains_ptm": {
        "0": 0.9744382500648499,
        "1": 0.9750627875328064,
        "2": 0.736253023147583
    },
    "pair_chains_iptm": {
        "0": {
            "0": 0.9744382500648499,
            "1": 0.9108306169509888,
            "2": 0.12698960304260254
        },
        "1": {
            "0": 0.9124079346656799,
            "1": 0.9750627875328064,
            "2": 0.12719523906707764
        },
        "2": {
            "0": 0.13250266015529633,
            "1": 0.13079679012298584,
            "2": 0.736253023147583
        }
    }
}