{
    "confidence_score": 0.883227527141571,
    "ptm": 0.896184504032135,
    "iptm": 0.8600043058395386,
    "ligand_iptm": 0.0,
    "protein_iptm": 0.8600043058395386,
    "complex_plddt": 0.8890333771705627,
    "complex_iplddt": 0.8757206201553345,
    "complex_pde": 0.42392951250076294,
    "complex_ipde": 1.184653401374817,
    "chains_ptm": {
        "0": 0.9715893268585205,
        "1": 0.9724839329719543,
        "2": 0.9490746259689331
    },
    "pair_chains_iptm": {
        "0": {
            "0": 0.9715893268585205,
            "1": 0.9196423888206482,
            "2": 0.7794592976570129
        },
        "1": {
            "0": 0.922035813331604,
            "1": 0.9724839329719543,
            "2": 0.7846611142158508
        },
        "2": {
            "0": 0.7884845733642578,
            "1": 0.7948949337005615,
            "2": 0.9490746259689331
        }
    }
}