{
    "confidence_score": 0.7367720603942871,
    "ptm": 0.7138768434524536,
    "iptm": 0.6180732250213623,
    "ligand_iptm": 0.0,
    "protein_iptm": 0.6180732250213623,
    "complex_plddt": 0.7664467692375183,
    "complex_iplddt": 0.7373892068862915,
    "complex_pde": 0.5968707799911499,
    "complex_ipde": 4.759815216064453,
    "chains_ptm": {
        "0": 0.9736315011978149,
        "1": 0.9786924123764038,
        "2": 0.7479536533355713
    },
    "pair_chains_iptm": {
        "0": {
            "0": 0.9736315011978149,
            "1": 0.921997606754303,
            "2": 0.5526546835899353
        },
        "1": {
            "0": 0.9266499280929565,
            "1": 0.9786924123764038,
            "2": 0.5304708480834961
        },
        "2": {
            "0": 0.4016985595226288,
            "1": 0.4084432125091553,
            "2": 0.7479536533355713
        }
    }
}