{
    "confidence_score": 0.6276628971099854,
    "ptm": 0.44552668929100037,
    "iptm": 0.32540205121040344,
    "ligand_iptm": 0.0,
    "protein_iptm": 0.32540205121040344,
    "complex_plddt": 0.7032281160354614,
    "complex_iplddt": 0.7175087928771973,
    "complex_pde": 1.6957950592041016,
    "complex_ipde": 11.234639167785645,
    "chains_ptm": {
        "0": 0.9681335091590881,
        "1": 0.9715919494628906,
        "2": 0.5465202331542969
    },
    "pair_chains_iptm": {
        "0": {
            "0": 0.9681335091590881,
            "1": 0.8327286839485168,
            "2": 0.3369567394256592
        },
        "1": {
            "0": 0.8512730598449707,
            "1": 0.9715919494628906,
            "2": 0.31406453251838684
        },
        "2": {
            "0": 0.22039534151554108,
            "1": 0.21544086933135986,
            "2": 0.5465202331542969
        }
    }
}