{
    "confidence_score": 0.5941159725189209,
    "ptm": 0.6455996632575989,
    "iptm": 0.38218021392822266,
    "ligand_iptm": 0.0,
    "protein_iptm": 0.38218021392822266,
    "complex_plddt": 0.6470999121665955,
    "complex_iplddt": 0.7026764750480652,
    "complex_pde": 1.4225889444351196,
    "complex_ipde": 8.302748680114746,
    "chains_ptm": {
        "0": 0.9767778515815735,
        "1": 0.9739251136779785,
        "2": 0.7981610298156738
    },
    "pair_chains_iptm": {
        "0": {
            "0": 0.9767778515815735,
            "1": 0.8976870179176331,
            "2": 0.3232881426811218
        },
        "1": {
            "0": 0.902836263179779,
            "1": 0.9739251136779785,
            "2": 0.34292420744895935
        },
        "2": {
            "0": 0.26002323627471924,
            "1": 0.2661070227622986,
            "2": 0.7981610298156738
        }
    }
}