{
    "confidence_score": 0.8278891444206238,
    "ptm": 0.6061410307884216,
    "iptm": 0.46876266598701477,
    "ligand_iptm": 0.0,
    "protein_iptm": 0.46876266598701477,
    "complex_plddt": 0.9176707863807678,
    "complex_iplddt": 0.8847350478172302,
    "complex_pde": 0.7884421348571777,
    "complex_ipde": 8.059468269348145,
    "chains_ptm": {
        "0": 0.9750633835792542,
        "1": 0.9869910478591919,
        "2": 0.780584990978241
    },
    "pair_chains_iptm": {
        "0": {
            "0": 0.9750633835792542,
            "1": 0.9406459331512451,
            "2": 0.15960463881492615
        },
        "1": {
            "0": 0.947018563747406,
            "1": 0.9869910478591919,
            "2": 0.14261777698993683
        },
        "2": {
            "0": 0.14675985276699066,
            "1": 0.149836927652359,
            "2": 0.780584990978241
        }
    }
}