{
    "confidence_score": 0.7411013245582581,
    "ptm": 0.6523187160491943,
    "iptm": 0.5416935086250305,
    "ligand_iptm": 0.0,
    "protein_iptm": 0.5416935086250305,
    "complex_plddt": 0.7909532785415649,
    "complex_iplddt": 0.7611146569252014,
    "complex_pde": 0.634014368057251,
    "complex_ipde": 5.089290142059326,
    "chains_ptm": {
        "0": 0.9775980114936829,
        "1": 0.977990984916687,
        "2": 0.7376201748847961
    },
    "pair_chains_iptm": {
        "0": {
            "0": 0.9775980114936829,
            "1": 0.9205543994903564,
            "2": 0.3393976390361786
        },
        "1": {
            "0": 0.9242460131645203,
            "1": 0.977990984916687,
            "2": 0.3790495991706848
        },
        "2": {
            "0": 0.30165958404541016,
            "1": 0.3116707503795624,
            "2": 0.7376201748847961
        }
    }
}