{
    "confidence_score": 0.6770922541618347,
    "ptm": 0.6296724677085876,
    "iptm": 0.3970406949520111,
    "ligand_iptm": 0.0,
    "protein_iptm": 0.3970406949520111,
    "complex_plddt": 0.7471051216125488,
    "complex_iplddt": 0.772767961025238,
    "complex_pde": 1.2235692739486694,
    "complex_ipde": 8.325189590454102,
    "chains_ptm": {
        "0": 0.9787678122520447,
        "1": 0.9825140237808228,
        "2": 0.7823024988174438
    },
    "pair_chains_iptm": {
        "0": {
            "0": 0.9787678122520447,
            "1": 0.9144995212554932,
            "2": 0.35732969641685486
        },
        "1": {
            "0": 0.9168413877487183,
            "1": 0.9825140237808228,
            "2": 0.3251602053642273
        },
        "2": {
            "0": 0.2806108593940735,
            "1": 0.2605826258659363,
            "2": 0.7823024988174438
        }
    }
}