{
    "confidence_score": 0.660843014717102,
    "ptm": 0.5858855843544006,
    "iptm": 0.36630111932754517,
    "ligand_iptm": 0.0,
    "protein_iptm": 0.36630111932754517,
    "complex_plddt": 0.7344784736633301,
    "complex_iplddt": 0.7324493527412415,
    "complex_pde": 1.5214179754257202,
    "complex_ipde": 9.575650215148926,
    "chains_ptm": {
        "0": 0.9768697619438171,
        "1": 0.9809268712997437,
        "2": 0.7471421360969543
    },
    "pair_chains_iptm": {
        "0": {
            "0": 0.9768697619438171,
            "1": 0.9026329517364502,
            "2": 0.24282240867614746
        },
        "1": {
            "0": 0.9092952609062195,
            "1": 0.9809268712997437,
            "2": 0.2568424344062805
        },
        "2": {
            "0": 0.22238408029079437,
            "1": 0.23345664143562317,
            "2": 0.7471421360969543
        }
    }
}