{
    "confidence_score": 0.9399046897888184,
    "ptm": 0.9286524653434753,
    "iptm": 0.9365289807319641,
    "ligand_iptm": 0.0,
    "protein_iptm": 0.9365289807319641,
    "complex_plddt": 0.9407485723495483,
    "complex_iplddt": 0.9542348384857178,
    "complex_pde": 0.3971059322357178,
    "complex_ipde": 0.5674862861633301,
    "chains_ptm": {
        "0": 0.9910855889320374,
        "1": 0.9893242120742798,
        "2": 0.9307843446731567
    },
    "pair_chains_iptm": {
        "0": {
            "0": 0.9910855889320374,
            "1": 0.9714955687522888,
            "2": 0.9351604580879211
        },
        "1": {
            "0": 0.9702755212783813,
            "1": 0.9893242120742798,
            "2": 0.9385599493980408
        },
        "2": {
            "0": 0.8490172028541565,
            "1": 0.868337094783783,
            "2": 0.9307843446731567
        }
    }
}