{
    "confidence_score": 0.7944278120994568,
    "ptm": 0.8338760137557983,
    "iptm": 0.7629372477531433,
    "ligand_iptm": 0.0,
    "protein_iptm": 0.7629372477531433,
    "complex_plddt": 0.8023004531860352,
    "complex_iplddt": 0.7376525402069092,
    "complex_pde": 0.503226101398468,
    "complex_ipde": 2.548682689666748,
    "chains_ptm": {
        "0": 0.9768325686454773,
        "1": 0.9748889803886414,
        "2": 0.9587336182594299
    },
    "pair_chains_iptm": {
        "0": {
            "0": 0.9768325686454773,
            "1": 0.9307737946510315,
            "2": 0.5148988962173462
        },
        "1": {
            "0": 0.9334089159965515,
            "1": 0.9748889803886414,
            "2": 0.5192620158195496
        },
        "2": {
            "0": 0.5660523772239685,
            "1": 0.5697668790817261,
            "2": 0.9587336182594299
        }
    }
}