{
    "confidence_score": 0.806391179561615,
    "ptm": 0.875841498374939,
    "iptm": 0.8257776498794556,
    "ligand_iptm": 0.0,
    "protein_iptm": 0.8257776498794556,
    "complex_plddt": 0.8015445470809937,
    "complex_iplddt": 0.7429993748664856,
    "complex_pde": 0.42362916469573975,
    "complex_ipde": 1.7663710117340088,
    "chains_ptm": {
        "0": 0.9793224930763245,
        "1": 0.9796102643013,
        "2": 0.9594455361366272
    },
    "pair_chains_iptm": {
        "0": {
            "0": 0.9793224930763245,
            "1": 0.9462745189666748,
            "2": 0.6366216540336609
        },
        "1": {
            "0": 0.9438379406929016,
            "1": 0.9796102643013,
            "2": 0.6474149823188782
        },
        "2": {
            "0": 0.679535448551178,
            "1": 0.690399706363678,
            "2": 0.9594455361366272
        }
    }
}