{
    "confidence_score": 0.7598256468772888,
    "ptm": 0.7191910743713379,
    "iptm": 0.5956491827964783,
    "ligand_iptm": 0.0,
    "protein_iptm": 0.5956491827964783,
    "complex_plddt": 0.8008697628974915,
    "complex_iplddt": 0.7691890001296997,
    "complex_pde": 0.8505885601043701,
    "complex_ipde": 5.951293468475342,
    "chains_ptm": {
        "0": 0.9685627818107605,
        "1": 0.9739115834236145,
        "2": 0.8108875155448914
    },
    "pair_chains_iptm": {
        "0": {
            "0": 0.9685627818107605,
            "1": 0.9009419083595276,
            "2": 0.25736120343208313
        },
        "1": {
            "0": 0.9019424319267273,
            "1": 0.9739115834236145,
            "2": 0.2475569099187851
        },
        "2": {
            "0": 0.27496346831321716,
            "1": 0.27233192324638367,
            "2": 0.8108875155448914
        }
    }
}