{
    "confidence_score": 0.7221910953521729,
    "ptm": 0.6107443571090698,
    "iptm": 0.47981539368629456,
    "ligand_iptm": 0.0,
    "protein_iptm": 0.47981539368629456,
    "complex_plddt": 0.7827849984169006,
    "complex_iplddt": 0.765916645526886,
    "complex_pde": 0.6455820798873901,
    "complex_ipde": 5.894455432891846,
    "chains_ptm": {
        "0": 0.9810020327568054,
        "1": 0.9822570085525513,
        "2": 0.7103244662284851
    },
    "pair_chains_iptm": {
        "0": {
            "0": 0.9810020327568054,
            "1": 0.9372126460075378,
            "2": 0.2049628347158432
        },
        "1": {
            "0": 0.9405093789100647,
            "1": 0.9822570085525513,
            "2": 0.18991929292678833
        },
        "2": {
            "0": 0.20763231813907623,
            "1": 0.20327699184417725,
            "2": 0.7103244662284851
        }
    }
}