{
    "confidence_score": 0.8628953099250793,
    "ptm": 0.8926440477371216,
    "iptm": 0.9049934148788452,
    "ligand_iptm": 0.0,
    "protein_iptm": 0.9049934148788452,
    "complex_plddt": 0.8523707985877991,
    "complex_iplddt": 0.8605197072029114,
    "complex_pde": 0.47482722997665405,
    "complex_ipde": 1.0539910793304443,
    "chains_ptm": {
        "0": 0.9819480180740356,
        "1": 0.9843116402626038,
        "2": 0.90781569480896
    },
    "pair_chains_iptm": {
        "0": {
            "0": 0.9819480180740356,
            "1": 0.9486387372016907,
            "2": 0.9049902558326721
        },
        "1": {
            "0": 0.9482483267784119,
            "1": 0.9843116402626038,
            "2": 0.9057660102844238
        },
        "2": {
            "0": 0.777953028678894,
            "1": 0.8017250895500183,
            "2": 0.90781569480896
        }
    }
}