{
    "confidence_score": 0.6699379086494446,
    "ptm": 0.6871360540390015,
    "iptm": 0.35087838768959045,
    "ligand_iptm": 0.0,
    "protein_iptm": 0.35087838768959045,
    "complex_plddt": 0.7497027516365051,
    "complex_iplddt": 0.7905375957489014,
    "complex_pde": 0.9605065584182739,
    "complex_ipde": 8.216057777404785,
    "chains_ptm": {
        "0": 0.9855362772941589,
        "1": 0.9864718914031982,
        "2": 0.8888602256774902
    },
    "pair_chains_iptm": {
        "0": {
            "0": 0.9855362772941589,
            "1": 0.9327539205551147,
            "2": 0.2387380748987198
        },
        "1": {
            "0": 0.9332374334335327,
            "1": 0.9864718914031982,
            "2": 0.25058695673942566
        },
        "2": {
            "0": 0.2127315104007721,
            "1": 0.22243204712867737,
            "2": 0.8888602256774902
        }
    }
}