{
    "confidence_score": 0.5861995816230774,
    "ptm": 0.5556408762931824,
    "iptm": 0.3478805124759674,
    "ligand_iptm": 0.0,
    "protein_iptm": 0.3478805124759674,
    "complex_plddt": 0.6457793116569519,
    "complex_iplddt": 0.7031928896903992,
    "complex_pde": 1.965333342552185,
    "complex_ipde": 8.868610382080078,
    "chains_ptm": {
        "0": 0.9766979813575745,
        "1": 0.9763679504394531,
        "2": 0.6846789717674255
    },
    "pair_chains_iptm": {
        "0": {
            "0": 0.9766979813575745,
            "1": 0.9043440222740173,
            "2": 0.2883867025375366
        },
        "1": {
            "0": 0.9056510329246521,
            "1": 0.9763679504394531,
            "2": 0.2870205044746399
        },
        "2": {
            "0": 0.22291959822177887,
            "1": 0.2221691906452179,
            "2": 0.6846789717674255
        }
    }
}