{
    "confidence_score": 0.8213537335395813,
    "ptm": 0.6179642081260681,
    "iptm": 0.48292800784111023,
    "ligand_iptm": 0.0,
    "protein_iptm": 0.48292800784111023,
    "complex_plddt": 0.9059601426124573,
    "complex_iplddt": 0.8650527596473694,
    "complex_pde": 0.7435626983642578,
    "complex_ipde": 7.745649337768555,
    "chains_ptm": {
        "0": 0.981440007686615,
        "1": 0.9892145395278931,
        "2": 0.7863645553588867
    },
    "pair_chains_iptm": {
        "0": {
            "0": 0.981440007686615,
            "1": 0.9506743550300598,
            "2": 0.18880605697631836
        },
        "1": {
            "0": 0.9579837322235107,
            "1": 0.9892145395278931,
            "2": 0.16766707599163055
        },
        "2": {
            "0": 0.16639652848243713,
            "1": 0.16202107071876526,
            "2": 0.7863645553588867
        }
    }
}