{
    "confidence_score": 0.6024975180625916,
    "ptm": 0.6176795959472656,
    "iptm": 0.3723289668560028,
    "ligand_iptm": 0.0,
    "protein_iptm": 0.3723289668560028,
    "complex_plddt": 0.6600396037101746,
    "complex_iplddt": 0.710245668888092,
    "complex_pde": 1.689247488975525,
    "complex_ipde": 8.578763961791992,
    "chains_ptm": {
        "0": 0.9734136462211609,
        "1": 0.9722151756286621,
        "2": 0.7511293292045593
    },
    "pair_chains_iptm": {
        "0": {
            "0": 0.9734136462211609,
            "1": 0.8922359347343445,
            "2": 0.3424816429615021
        },
        "1": {
            "0": 0.8980475068092346,
            "1": 0.9722151756286621,
            "2": 0.3406195044517517
        },
        "2": {
            "0": 0.25485366582870483,
            "1": 0.25453194975852966,
            "2": 0.7511293292045593
        }
    }
}