{
    "confidence_score": 0.6108621954917908,
    "ptm": 0.6201777458190918,
    "iptm": 0.3864630460739136,
    "ligand_iptm": 0.0,
    "protein_iptm": 0.3864630460739136,
    "complex_plddt": 0.6669619679450989,
    "complex_iplddt": 0.7274983525276184,
    "complex_pde": 1.6504621505737305,
    "complex_ipde": 8.168317794799805,
    "chains_ptm": {
        "0": 0.9753960967063904,
        "1": 0.9734519720077515,
        "2": 0.7604769468307495
    },
    "pair_chains_iptm": {
        "0": {
            "0": 0.9753960967063904,
            "1": 0.8989837765693665,
            "2": 0.32028111815452576
        },
        "1": {
            "0": 0.9014173150062561,
            "1": 0.9734519720077515,
            "2": 0.34334978461265564
        },
        "2": {
            "0": 0.2606085538864136,
            "1": 0.2718016803264618,
            "2": 0.7604769468307495
        }
    }
}