{
    "confidence_score": 0.6588450074195862,
    "ptm": 0.5712645649909973,
    "iptm": 0.3112882971763611,
    "ligand_iptm": 0.0,
    "protein_iptm": 0.3112882971763611,
    "complex_plddt": 0.7457341551780701,
    "complex_iplddt": 0.7382513880729675,
    "complex_pde": 1.3997350931167603,
    "complex_ipde": 10.238192558288574,
    "chains_ptm": {
        "0": 0.9759870171546936,
        "1": 0.9807936549186707,
        "2": 0.7646975517272949
    },
    "pair_chains_iptm": {
        "0": {
            "0": 0.9759870171546936,
            "1": 0.9017972946166992,
            "2": 0.1678522378206253
        },
        "1": {
            "0": 0.9060888886451721,
            "1": 0.9807936549186707,
            "2": 0.16510693728923798
        },
        "2": {
            "0": 0.16528461873531342,
            "1": 0.16428951919078827,
            "2": 0.7646975517272949
        }
    }
}