{
    "confidence_score": 0.7113739848136902,
    "ptm": 0.5525753498077393,
    "iptm": 0.4889582395553589,
    "ligand_iptm": 0.0,
    "protein_iptm": 0.4889582395553589,
    "complex_plddt": 0.7669779658317566,
    "complex_iplddt": 0.7917307615280151,
    "complex_pde": 1.3349530696868896,
    "complex_ipde": 6.801480770111084,
    "chains_ptm": {
        "0": 0.9820144772529602,
        "1": 0.9802753329277039,
        "2": 0.6680908799171448
    },
    "pair_chains_iptm": {
        "0": {
            "0": 0.9820144772529602,
            "1": 0.9108612537384033,
            "2": 0.48996466398239136
        },
        "1": {
            "0": 0.9177337288856506,
            "1": 0.9802753329277039,
            "2": 0.48785117268562317
        },
        "2": {
            "0": 0.3370347321033478,
            "1": 0.32459551095962524,
            "2": 0.6680908799171448
        }
    }
}