{
    "confidence_score": 0.8618621826171875,
    "ptm": 0.8839773535728455,
    "iptm": 0.8964946866035461,
    "ligand_iptm": 0.0,
    "protein_iptm": 0.8964946866035461,
    "complex_plddt": 0.853204071521759,
    "complex_iplddt": 0.8638851642608643,
    "complex_pde": 0.49879828095436096,
    "complex_ipde": 1.0942747592926025,
    "chains_ptm": {
        "0": 0.9806011319160461,
        "1": 0.9826247692108154,
        "2": 0.9020603895187378
    },
    "pair_chains_iptm": {
        "0": {
            "0": 0.9806011319160461,
            "1": 0.9443104863166809,
            "2": 0.89705890417099
        },
        "1": {
            "0": 0.9447888731956482,
            "1": 0.9826247692108154,
            "2": 0.8972798585891724
        },
        "2": {
            "0": 0.765677273273468,
            "1": 0.7875328063964844,
            "2": 0.9020603895187378
        }
    }
}