{
    "confidence_score": 0.6590087413787842,
    "ptm": 0.5739992260932922,
    "iptm": 0.29990530014038086,
    "ligand_iptm": 0.0,
    "protein_iptm": 0.29990530014038086,
    "complex_plddt": 0.748784601688385,
    "complex_iplddt": 0.7705705761909485,
    "complex_pde": 1.256467342376709,
    "complex_ipde": 9.30402660369873,
    "chains_ptm": {
        "0": 0.9721564054489136,
        "1": 0.9713239669799805,
        "2": 0.7133383750915527
    },
    "pair_chains_iptm": {
        "0": {
            "0": 0.9721564054489136,
            "1": 0.8562688231468201,
            "2": 0.22931893169879913
        },
        "1": {
            "0": 0.8725475668907166,
            "1": 0.9713239669799805,
            "2": 0.1929863542318344
        },
        "2": {
            "0": 0.21516989171504974,
            "1": 0.197435662150383,
            "2": 0.7133383750915527
        }
    }
}