{
    "confidence_score": 0.7410786747932434,
    "ptm": 0.6335269808769226,
    "iptm": 0.5140373110771179,
    "ligand_iptm": 0.0,
    "protein_iptm": 0.5140373110771179,
    "complex_plddt": 0.7978389859199524,
    "complex_iplddt": 0.7742865681648254,
    "complex_pde": 0.6659031510353088,
    "complex_ipde": 5.741615295410156,
    "chains_ptm": {
        "0": 0.9778847098350525,
        "1": 0.9788728952407837,
        "2": 0.7098543643951416
    },
    "pair_chains_iptm": {
        "0": {
            "0": 0.9778847098350525,
            "1": 0.9227422475814819,
            "2": 0.26833832263946533
        },
        "1": {
            "0": 0.9266793727874756,
            "1": 0.9788728952407837,
            "2": 0.2800944149494171
        },
        "2": {
            "0": 0.26443564891815186,
            "1": 0.2677554488182068,
            "2": 0.7098543643951416
        }
    }
}