{
    "confidence_score": 0.762418270111084,
    "ptm": 0.740332305431366,
    "iptm": 0.6291705369949341,
    "ligand_iptm": 0.0,
    "protein_iptm": 0.6291705369949341,
    "complex_plddt": 0.7957301735877991,
    "complex_iplddt": 0.7820324301719666,
    "complex_pde": 0.8075498938560486,
    "complex_ipde": 5.395017623901367,
    "chains_ptm": {
        "0": 0.9672620296478271,
        "1": 0.9716688990592957,
        "2": 0.8243512511253357
    },
    "pair_chains_iptm": {
        "0": {
            "0": 0.9672620296478271,
            "1": 0.89316326379776,
            "2": 0.3643771708011627
        },
        "1": {
            "0": 0.8932124972343445,
            "1": 0.9716688990592957,
            "2": 0.361494243144989
        },
        "2": {
            "0": 0.34273871779441833,
            "1": 0.35166874527931213,
            "2": 0.8243512511253357
        }
    }
}