{
    "confidence_score": 0.8658943176269531,
    "ptm": 0.8826420903205872,
    "iptm": 0.8972079157829285,
    "ligand_iptm": 0.0,
    "protein_iptm": 0.8972079157829285,
    "complex_plddt": 0.8580659031867981,
    "complex_iplddt": 0.8679723143577576,
    "complex_pde": 0.5028805732727051,
    "complex_ipde": 1.083020806312561,
    "chains_ptm": {
        "0": 0.9797216653823853,
        "1": 0.9830625057220459,
        "2": 0.899154543876648
    },
    "pair_chains_iptm": {
        "0": {
            "0": 0.9797216653823853,
            "1": 0.9450700283050537,
            "2": 0.8982053399085999
        },
        "1": {
            "0": 0.9436897039413452,
            "1": 0.9830625057220459,
            "2": 0.8974224925041199
        },
        "2": {
            "0": 0.7623376250267029,
            "1": 0.7858291864395142,
            "2": 0.899154543876648
        }
    }
}