{
    "confidence_score": 0.6481644511222839,
    "ptm": 0.6975023150444031,
    "iptm": 0.6260780096054077,
    "ligand_iptm": 0.0,
    "protein_iptm": 0.6260780096054077,
    "complex_plddt": 0.6536861062049866,
    "complex_iplddt": 0.7155242562294006,
    "complex_pde": 1.5823088884353638,
    "complex_ipde": 5.636372089385986,
    "chains_ptm": {
        "0": 0.9810972213745117,
        "1": 0.9792076945304871,
        "2": 0.7381058931350708
    },
    "pair_chains_iptm": {
        "0": {
            "0": 0.9810972213745117,
            "1": 0.9246135950088501,
            "2": 0.6191997528076172
        },
        "1": {
            "0": 0.9315822720527649,
            "1": 0.9792076945304871,
            "2": 0.6335816383361816
        },
        "2": {
            "0": 0.41850370168685913,
            "1": 0.437091588973999,
            "2": 0.7381058931350708
        }
    }
}