{
    "confidence_score": 0.8078104257583618,
    "ptm": 0.9169443249702454,
    "iptm": 0.8807539343833923,
    "ligand_iptm": 0.0,
    "protein_iptm": 0.8807539343833923,
    "complex_plddt": 0.7895745038986206,
    "complex_iplddt": 0.7190166711807251,
    "complex_pde": 0.3675870895385742,
    "complex_ipde": 1.0608807802200317,
    "chains_ptm": {
        "0": 0.9814925193786621,
        "1": 0.9802443981170654,
        "2": 0.9633719325065613
    },
    "pair_chains_iptm": {
        "0": {
            "0": 0.9814925193786621,
            "1": 0.9460163712501526,
            "2": 0.7926363945007324
        },
        "1": {
            "0": 0.9498353004455566,
            "1": 0.9802443981170654,
            "2": 0.7764905691146851
        },
        "2": {
            "0": 0.8085204362869263,
            "1": 0.805640697479248,
            "2": 0.9633719325065613
        }
    }
}