{
    "confidence_score": 0.6124982237815857,
    "ptm": 0.6427147388458252,
    "iptm": 0.41066235303878784,
    "ligand_iptm": 0.0,
    "protein_iptm": 0.41066235303878784,
    "complex_plddt": 0.6629571318626404,
    "complex_iplddt": 0.6980288028717041,
    "complex_pde": 1.561562180519104,
    "complex_ipde": 8.22685718536377,
    "chains_ptm": {
        "0": 0.9754987955093384,
        "1": 0.9750574827194214,
        "2": 0.763924241065979
    },
    "pair_chains_iptm": {
        "0": {
            "0": 0.9754987955093384,
            "1": 0.8934251666069031,
            "2": 0.37556761503219604
        },
        "1": {
            "0": 0.9002429842948914,
            "1": 0.9750574827194214,
            "2": 0.4014900326728821
        },
        "2": {
            "0": 0.28941667079925537,
            "1": 0.3012453615665436,
            "2": 0.763924241065979
        }
    }
}