{
    "confidence_score": 0.795768678188324,
    "ptm": 0.77374666929245,
    "iptm": 0.7070066332817078,
    "ligand_iptm": 0.0,
    "protein_iptm": 0.7070066332817078,
    "complex_plddt": 0.817959189414978,
    "complex_iplddt": 0.8043783903121948,
    "complex_pde": 0.47650086879730225,
    "complex_ipde": 2.772667646408081,
    "chains_ptm": {
        "0": 0.9781824350357056,
        "1": 0.9829889535903931,
        "2": 0.7672303915023804
    },
    "pair_chains_iptm": {
        "0": {
            "0": 0.9781824350357056,
            "1": 0.9336949586868286,
            "2": 0.7221480011940002
        },
        "1": {
            "0": 0.9374343752861023,
            "1": 0.9829889535903931,
            "2": 0.6898654699325562
        },
        "2": {
            "0": 0.5365875363349915,
            "1": 0.5211146473884583,
            "2": 0.7672303915023804
        }
    }
}