{
    "confidence_score": 0.6774274110794067,
    "ptm": 0.7571242451667786,
    "iptm": 0.41225066781044006,
    "ligand_iptm": 0.0,
    "protein_iptm": 0.41225066781044006,
    "complex_plddt": 0.7437215447425842,
    "complex_iplddt": 0.7833281755447388,
    "complex_pde": 0.7306646704673767,
    "complex_ipde": 7.062783241271973,
    "chains_ptm": {
        "0": 0.9863277077674866,
        "1": 0.9873529672622681,
        "2": 0.9465026259422302
    },
    "pair_chains_iptm": {
        "0": {
            "0": 0.9863277077674866,
            "1": 0.9301918745040894,
            "2": 0.3415418267250061
        },
        "1": {
            "0": 0.9340640902519226,
            "1": 0.9873529672622681,
            "2": 0.35364267230033875
        },
        "2": {
            "0": 0.29167982935905457,
            "1": 0.29661333560943604,
            "2": 0.9465026259422302
        }
    }
}