{
    "confidence_score": 0.7901766896247864,
    "ptm": 0.7166504859924316,
    "iptm": 0.622908353805542,
    "ligand_iptm": 0.0,
    "protein_iptm": 0.622908353805542,
    "complex_plddt": 0.8319937586784363,
    "complex_iplddt": 0.8121623396873474,
    "complex_pde": 0.6278699040412903,
    "complex_ipde": 4.468505859375,
    "chains_ptm": {
        "0": 0.9635690450668335,
        "1": 0.975767970085144,
        "2": 0.7048553824424744
    },
    "pair_chains_iptm": {
        "0": {
            "0": 0.9635690450668335,
            "1": 0.9092339277267456,
            "2": 0.5844219923019409
        },
        "1": {
            "0": 0.9093841314315796,
            "1": 0.975767970085144,
            "2": 0.5897983312606812
        },
        "2": {
            "0": 0.4080420732498169,
            "1": 0.4243008494377136,
            "2": 0.7048553824424744
        }
    }
}