{
    "confidence_score": 0.8685165643692017,
    "ptm": 0.8899399638175964,
    "iptm": 0.9032834768295288,
    "ligand_iptm": 0.0,
    "protein_iptm": 0.9032834768295288,
    "complex_plddt": 0.8598247766494751,
    "complex_iplddt": 0.8680087924003601,
    "complex_pde": 0.4772774875164032,
    "complex_ipde": 1.0123733282089233,
    "chains_ptm": {
        "0": 0.9813986420631409,
        "1": 0.9835628271102905,
        "2": 0.9047432541847229
    },
    "pair_chains_iptm": {
        "0": {
            "0": 0.9813986420631409,
            "1": 0.9464492201805115,
            "2": 0.9026018977165222
        },
        "1": {
            "0": 0.9460490345954895,
            "1": 0.9835628271102905,
            "2": 0.904711127281189
        },
        "2": {
            "0": 0.7734422087669373,
            "1": 0.8000682592391968,
            "2": 0.9047432541847229
        }
    }
}