{
    "confidence_score": 0.8228023648262024,
    "ptm": 0.7232961654663086,
    "iptm": 0.7992762923240662,
    "ligand_iptm": 0.0,
    "protein_iptm": 0.7992762923240662,
    "complex_plddt": 0.8286839127540588,
    "complex_iplddt": 0.8489631414413452,
    "complex_pde": 0.6717532873153687,
    "complex_ipde": 3.964153289794922,
    "chains_ptm": {
        "0": 0.9812608361244202,
        "1": 0.9848827719688416,
        "2": 0.692152202129364
    },
    "pair_chains_iptm": {
        "0": {
            "0": 0.9812608361244202,
            "1": 0.9405310750007629,
            "2": 0.797429621219635
        },
        "1": {
            "0": 0.9423490762710571,
            "1": 0.9848827719688416,
            "2": 0.8013300895690918
        },
        "2": {
            "0": 0.5449140071868896,
            "1": 0.5586456656455994,
            "2": 0.692152202129364
        }
    }
}