{
    "confidence_score": 0.8018094301223755,
    "ptm": 0.7444612383842468,
    "iptm": 0.6650794148445129,
    "ligand_iptm": 0.0,
    "protein_iptm": 0.6650794148445129,
    "complex_plddt": 0.8359918594360352,
    "complex_iplddt": 0.8272583484649658,
    "complex_pde": 0.5582458972930908,
    "complex_ipde": 3.522385597229004,
    "chains_ptm": {
        "0": 0.9683600068092346,
        "1": 0.9785353541374207,
        "2": 0.7230377197265625
    },
    "pair_chains_iptm": {
        "0": {
            "0": 0.9683600068092346,
            "1": 0.9222866892814636,
            "2": 0.6604055762290955
        },
        "1": {
            "0": 0.9295617938041687,
            "1": 0.9785353541374207,
            "2": 0.6703704595565796
        },
        "2": {
            "0": 0.46456071734428406,
            "1": 0.47769275307655334,
            "2": 0.7230377197265625
        }
    }
}