{
    "confidence_score": 0.8031885027885437,
    "ptm": 0.5167588591575623,
    "iptm": 0.3892773687839508,
    "ligand_iptm": 0.0,
    "protein_iptm": 0.3892773687839508,
    "complex_plddt": 0.9066663384437561,
    "complex_iplddt": 0.9025688171386719,
    "complex_pde": 0.8387976884841919,
    "complex_ipde": 8.644159317016602,
    "chains_ptm": {
        "0": 0.9877592921257019,
        "1": 0.9906184673309326,
        "2": 0.7671675086021423
    },
    "pair_chains_iptm": {
        "0": {
            "0": 0.9877592921257019,
            "1": 0.9521392583847046,
            "2": 0.22422702610492706
        },
        "1": {
            "0": 0.9551103115081787,
            "1": 0.9906184673309326,
            "2": 0.20366938412189484
        },
        "2": {
            "0": 0.18951985239982605,
            "1": 0.19125422835350037,
            "2": 0.7671675086021423
        }
    }
}