{
    "confidence_score": 0.7498180270195007,
    "ptm": 0.6415761113166809,
    "iptm": 0.32476773858070374,
    "ligand_iptm": 0.0,
    "protein_iptm": 0.32476773858070374,
    "complex_plddt": 0.8560805916786194,
    "complex_iplddt": 0.8197124004364014,
    "complex_pde": 0.8104182481765747,
    "complex_ipde": 9.312170028686523,
    "chains_ptm": {
        "0": 0.9834489822387695,
        "1": 0.9880185127258301,
        "2": 0.8781643509864807
    },
    "pair_chains_iptm": {
        "0": {
            "0": 0.9834489822387695,
            "1": 0.935563325881958,
            "2": 0.16012023389339447
        },
        "1": {
            "0": 0.9365724325180054,
            "1": 0.9880185127258301,
            "2": 0.15329121053218842
        },
        "2": {
            "0": 0.17464472353458405,
            "1": 0.17743173241615295,
            "2": 0.8781643509864807
        }
    }
}