{
    "confidence_score": 0.7882840633392334,
    "ptm": 0.8035764098167419,
    "iptm": 0.7339982986450195,
    "ligand_iptm": 0.0,
    "protein_iptm": 0.7339982986450195,
    "complex_plddt": 0.8018555045127869,
    "complex_iplddt": 0.7704434394836426,
    "complex_pde": 0.4195682108402252,
    "complex_ipde": 1.9715181589126587,
    "chains_ptm": {
        "0": 0.9848791360855103,
        "1": 0.9855273365974426,
        "2": 0.7831807732582092
    },
    "pair_chains_iptm": {
        "0": {
            "0": 0.9848791360855103,
            "1": 0.9508072137832642,
            "2": 0.7416640520095825
        },
        "1": {
            "0": 0.9518870711326599,
            "1": 0.9855273365974426,
            "2": 0.7269139885902405
        },
        "2": {
            "0": 0.612876296043396,
            "1": 0.6023643016815186,
            "2": 0.7831807732582092
        }
    }
}