{
    "confidence_score": 0.8288758397102356,
    "ptm": 0.7257905602455139,
    "iptm": 0.7839360237121582,
    "ligand_iptm": 0.0,
    "protein_iptm": 0.7839360237121582,
    "complex_plddt": 0.8401107788085938,
    "complex_iplddt": 0.8502114415168762,
    "complex_pde": 0.6826000809669495,
    "complex_ipde": 3.9918901920318604,
    "chains_ptm": {
        "0": 0.9802344441413879,
        "1": 0.984752357006073,
        "2": 0.7223621606826782
    },
    "pair_chains_iptm": {
        "0": {
            "0": 0.9802344441413879,
            "1": 0.9399787783622742,
            "2": 0.7810872197151184
        },
        "1": {
            "0": 0.9419327974319458,
            "1": 0.984752357006073,
            "2": 0.7871043086051941
        },
        "2": {
            "0": 0.5501192212104797,
            "1": 0.5632624626159668,
            "2": 0.7223621606826782
        }
    }
}