{
    "confidence_score": 0.5987707376480103,
    "ptm": 0.41930142045021057,
    "iptm": 0.28789469599723816,
    "ligand_iptm": 0.0,
    "protein_iptm": 0.28789469599723816,
    "complex_plddt": 0.6764897108078003,
    "complex_iplddt": 0.7115903496742249,
    "complex_pde": 1.6860218048095703,
    "complex_ipde": 10.767549514770508,
    "chains_ptm": {
        "0": 0.9724162220954895,
        "1": 0.9734178185462952,
        "2": 0.5224748253822327
    },
    "pair_chains_iptm": {
        "0": {
            "0": 0.9724162220954895,
            "1": 0.848627507686615,
            "2": 0.2888869643211365
        },
        "1": {
            "0": 0.8564481139183044,
            "1": 0.9734178185462952,
            "2": 0.25761061906814575
        },
        "2": {
            "0": 0.19703388214111328,
            "1": 0.18432527780532837,
            "2": 0.5224748253822327
        }
    }
}