{
    "confidence_score": 0.5856963396072388,
    "ptm": 0.5404927730560303,
    "iptm": 0.33363181352615356,
    "ligand_iptm": 0.0,
    "protein_iptm": 0.33363181352615356,
    "complex_plddt": 0.6487124562263489,
    "complex_iplddt": 0.6995840072631836,
    "complex_pde": 2.017620086669922,
    "complex_ipde": 9.761340141296387,
    "chains_ptm": {
        "0": 0.9775390028953552,
        "1": 0.9767730236053467,
        "2": 0.6725459694862366
    },
    "pair_chains_iptm": {
        "0": {
            "0": 0.9775390028953552,
            "1": 0.9023085236549377,
            "2": 0.24682854115962982
        },
        "1": {
            "0": 0.9092736840248108,
            "1": 0.9767730236053467,
            "2": 0.26668891310691833
        },
        "2": {
            "0": 0.20371538400650024,
            "1": 0.20525026321411133,
            "2": 0.6725459694862366
        }
    }
}