{
    "confidence_score": 0.6918979287147522,
    "ptm": 0.4710448384284973,
    "iptm": 0.4124142527580261,
    "ligand_iptm": 0.0,
    "protein_iptm": 0.4124142527580261,
    "complex_plddt": 0.7617688179016113,
    "complex_iplddt": 0.790071964263916,
    "complex_pde": 1.6611852645874023,
    "complex_ipde": 7.62182092666626,
    "chains_ptm": {
        "0": 0.9790148138999939,
        "1": 0.9776932597160339,
        "2": 0.5511991381645203
    },
    "pair_chains_iptm": {
        "0": {
            "0": 0.9790148138999939,
            "1": 0.9042322635650635,
            "2": 0.41740915179252625
        },
        "1": {
            "0": 0.9142295718193054,
            "1": 0.9776932597160339,
            "2": 0.40691983699798584
        },
        "2": {
            "0": 0.27827128767967224,
            "1": 0.2661125659942627,
            "2": 0.5511991381645203
        }
    }
}