{
    "confidence_score": 0.8546697497367859,
    "ptm": 0.712247371673584,
    "iptm": 0.6125271320343018,
    "ligand_iptm": 0.0,
    "protein_iptm": 0.6125271320343018,
    "complex_plddt": 0.9152054190635681,
    "complex_iplddt": 0.8844426274299622,
    "complex_pde": 0.5933061242103577,
    "complex_ipde": 5.493690490722656,
    "chains_ptm": {
        "0": 0.9879897832870483,
        "1": 0.9919031858444214,
        "2": 0.8262508511543274
    },
    "pair_chains_iptm": {
        "0": {
            "0": 0.9879897832870483,
            "1": 0.9663652181625366,
            "2": 0.44688984751701355
        },
        "1": {
            "0": 0.9682298302650452,
            "1": 0.9919031858444214,
            "2": 0.43689167499542236
        },
        "2": {
            "0": 0.37202996015548706,
            "1": 0.3718114495277405,
            "2": 0.8262508511543274
        }
    }
}