{
    "confidence_score": 0.5949722528457642,
    "ptm": 0.5927413105964661,
    "iptm": 0.36045870184898376,
    "ligand_iptm": 0.0,
    "protein_iptm": 0.36045870184898376,
    "complex_plddt": 0.6536006331443787,
    "complex_iplddt": 0.6966168880462646,
    "complex_pde": 1.7845168113708496,
    "complex_ipde": 8.88339900970459,
    "chains_ptm": {
        "0": 0.9743926525115967,
        "1": 0.972990095615387,
        "2": 0.7237606048583984
    },
    "pair_chains_iptm": {
        "0": {
            "0": 0.9743926525115967,
            "1": 0.8936497569084167,
            "2": 0.3100535571575165
        },
        "1": {
            "0": 0.8985835909843445,
            "1": 0.972990095615387,
            "2": 0.32778483629226685
        },
        "2": {
            "0": 0.23344786465168,
            "1": 0.23928898572921753,
            "2": 0.7237606048583984
        }
    }
}