{
    "confidence_score": 0.6256647109985352,
    "ptm": 0.4274131655693054,
    "iptm": 0.34073352813720703,
    "ligand_iptm": 0.0,
    "protein_iptm": 0.34073352813720703,
    "complex_plddt": 0.6968975067138672,
    "complex_iplddt": 0.7208331227302551,
    "complex_pde": 1.7126296758651733,
    "complex_ipde": 10.757227897644043,
    "chains_ptm": {
        "0": 0.9763655066490173,
        "1": 0.974726676940918,
        "2": 0.5284755825996399
    },
    "pair_chains_iptm": {
        "0": {
            "0": 0.9763655066490173,
            "1": 0.8660956621170044,
            "2": 0.3642498552799225
        },
        "1": {
            "0": 0.8635674715042114,
            "1": 0.974726676940918,
            "2": 0.3148655295372009
        },
        "2": {
            "0": 0.22558575868606567,
            "1": 0.2073410451412201,
            "2": 0.5284755825996399
        }
    }
}