{
    "confidence_score": 0.8105360865592957,
    "ptm": 0.8954834342002869,
    "iptm": 0.8503062725067139,
    "ligand_iptm": 0.0,
    "protein_iptm": 0.8503062725067139,
    "complex_plddt": 0.8005935549736023,
    "complex_iplddt": 0.7295848727226257,
    "complex_pde": 0.43353623151779175,
    "complex_ipde": 1.5811185836791992,
    "chains_ptm": {
        "0": 0.9754691123962402,
        "1": 0.9762585163116455,
        "2": 0.9605674147605896
    },
    "pair_chains_iptm": {
        "0": {
            "0": 0.9754691123962402,
            "1": 0.935698390007019,
            "2": 0.7164718508720398
        },
        "1": {
            "0": 0.937110424041748,
            "1": 0.9762585163116455,
            "2": 0.6853126883506775
        },
        "2": {
            "0": 0.7602263689041138,
            "1": 0.7442134022712708,
            "2": 0.9605674147605896
        }
    }
}