{
    "confidence_score": 0.8370424509048462,
    "ptm": 0.6103516817092896,
    "iptm": 0.4863940179347992,
    "ligand_iptm": 0.0,
    "protein_iptm": 0.4863940179347992,
    "complex_plddt": 0.9247045516967773,
    "complex_iplddt": 0.9455732107162476,
    "complex_pde": 0.6892004013061523,
    "complex_ipde": 6.2359538078308105,
    "chains_ptm": {
        "0": 0.9900594353675842,
        "1": 0.9923989772796631,
        "2": 0.7993386387825012
    },
    "pair_chains_iptm": {
        "0": {
            "0": 0.9900594353675842,
            "1": 0.9581939578056335,
            "2": 0.4377768039703369
        },
        "1": {
            "0": 0.9615312218666077,
            "1": 0.9923989772796631,
            "2": 0.4377400577068329
        },
        "2": {
            "0": 0.30962714552879333,
            "1": 0.31780800223350525,
            "2": 0.7993386387825012
        }
    }
}