{
    "confidence_score": 0.7995718121528625,
    "ptm": 0.7417671084403992,
    "iptm": 0.6584087610244751,
    "ligand_iptm": 0.0,
    "protein_iptm": 0.6584087610244751,
    "complex_plddt": 0.8348625302314758,
    "complex_iplddt": 0.8184145092964172,
    "complex_pde": 0.5701549649238586,
    "complex_ipde": 3.6117405891418457,
    "chains_ptm": {
        "0": 0.9678851366043091,
        "1": 0.9773699641227722,
        "2": 0.7174217104911804
    },
    "pair_chains_iptm": {
        "0": {
            "0": 0.9678851366043091,
            "1": 0.9200735092163086,
            "2": 0.656736433506012
        },
        "1": {
            "0": 0.9250401258468628,
            "1": 0.9773699641227722,
            "2": 0.6603018045425415
        },
        "2": {
            "0": 0.46187710762023926,
            "1": 0.47372859716415405,
            "2": 0.7174217104911804
        }
    }
}