{
    "confidence_score": 0.8179416060447693,
    "ptm": 0.7217740416526794,
    "iptm": 0.7882303595542908,
    "ligand_iptm": 0.0,
    "protein_iptm": 0.7882303595542908,
    "complex_plddt": 0.8253693580627441,
    "complex_iplddt": 0.8288803100585938,
    "complex_pde": 0.6845757365226746,
    "complex_ipde": 4.001502513885498,
    "chains_ptm": {
        "0": 0.9808114171028137,
        "1": 0.9851275086402893,
        "2": 0.6930083632469177
    },
    "pair_chains_iptm": {
        "0": {
            "0": 0.9808114171028137,
            "1": 0.9409067630767822,
            "2": 0.7871639728546143
        },
        "1": {
            "0": 0.9417254328727722,
            "1": 0.9851275086402893,
            "2": 0.7894164323806763
        },
        "2": {
            "0": 0.5439716577529907,
            "1": 0.5558547377586365,
            "2": 0.6930083632469177
        }
    }
}