{
    "confidence_score": 0.7937411069869995,
    "ptm": 0.7795511484146118,
    "iptm": 0.6797043681144714,
    "ligand_iptm": 0.0,
    "protein_iptm": 0.6797043681144714,
    "complex_plddt": 0.822250247001648,
    "complex_iplddt": 0.753591001033783,
    "complex_pde": 0.6273409724235535,
    "complex_ipde": 3.615126848220825,
    "chains_ptm": {
        "0": 0.9645545482635498,
        "1": 0.9624784588813782,
        "2": 0.9501845240592957
    },
    "pair_chains_iptm": {
        "0": {
            "0": 0.9645545482635498,
            "1": 0.90586256980896,
            "2": 0.35140106081962585
        },
        "1": {
            "0": 0.9062805771827698,
            "1": 0.9624784588813782,
            "2": 0.33848658204078674
        },
        "2": {
            "0": 0.4352321922779083,
            "1": 0.4194090962409973,
            "2": 0.9501845240592957
        }
    }
}