{
    "confidence_score": 0.7899091243743896,
    "ptm": 0.8715804219245911,
    "iptm": 0.8128330707550049,
    "ligand_iptm": 0.0,
    "protein_iptm": 0.8128330707550049,
    "complex_plddt": 0.7841781377792358,
    "complex_iplddt": 0.7240879535675049,
    "complex_pde": 0.4344443380832672,
    "complex_ipde": 1.6298383474349976,
    "chains_ptm": {
        "0": 0.9755919575691223,
        "1": 0.9710876941680908,
        "2": 0.9614577293395996
    },
    "pair_chains_iptm": {
        "0": {
            "0": 0.9755919575691223,
            "1": 0.9241622090339661,
            "2": 0.6458579897880554
        },
        "1": {
            "0": 0.9309682846069336,
            "1": 0.9710876941680908,
            "2": 0.6056220531463623
        },
        "2": {
            "0": 0.6902398467063904,
            "1": 0.6739477515220642,
            "2": 0.9614577293395996
        }
    }
}