{
    "confidence_score": 0.6474725008010864,
    "ptm": 0.46829327940940857,
    "iptm": 0.38143467903137207,
    "ligand_iptm": 0.0,
    "protein_iptm": 0.38143467903137207,
    "complex_plddt": 0.7139819264411926,
    "complex_iplddt": 0.7285052537918091,
    "complex_pde": 1.615487813949585,
    "complex_ipde": 10.032333374023438,
    "chains_ptm": {
        "0": 0.9765959978103638,
        "1": 0.9738556742668152,
        "2": 0.578870952129364
    },
    "pair_chains_iptm": {
        "0": {
            "0": 0.9765959978103638,
            "1": 0.8744598627090454,
            "2": 0.4055606722831726
        },
        "1": {
            "0": 0.8742390275001526,
            "1": 0.9738556742668152,
            "2": 0.3548961877822876
        },
        "2": {
            "0": 0.23446910083293915,
            "1": 0.2169545590877533,
            "2": 0.578870952129364
        }
    }
}