{
    "confidence_score": 0.7860066294670105,
    "ptm": 0.8000833988189697,
    "iptm": 0.7075653076171875,
    "ligand_iptm": 0.0,
    "protein_iptm": 0.7075653076171875,
    "complex_plddt": 0.8056169152259827,
    "complex_iplddt": 0.7562645673751831,
    "complex_pde": 0.5761343836784363,
    "complex_ipde": 3.1780924797058105,
    "chains_ptm": {
        "0": 0.9687245488166809,
        "1": 0.9688965678215027,
        "2": 0.9540289640426636
    },
    "pair_chains_iptm": {
        "0": {
            "0": 0.9687245488166809,
            "1": 0.9148913025856018,
            "2": 0.40934303402900696
        },
        "1": {
            "0": 0.9167124629020691,
            "1": 0.9688965678215027,
            "2": 0.3779735863208771
        },
        "2": {
            "0": 0.4849568009376526,
            "1": 0.4712352156639099,
            "2": 0.9540289640426636
        }
    }
}