{
    "confidence_score": 0.8149234652519226,
    "ptm": 0.669654130935669,
    "iptm": 0.7156118154525757,
    "ligand_iptm": 0.0,
    "protein_iptm": 0.7156118154525757,
    "complex_plddt": 0.8397513628005981,
    "complex_iplddt": 0.842389702796936,
    "complex_pde": 0.7722389101982117,
    "complex_ipde": 5.101210117340088,
    "chains_ptm": {
        "0": 0.978201150894165,
        "1": 0.982553243637085,
        "2": 0.69040447473526
    },
    "pair_chains_iptm": {
        "0": {
            "0": 0.978201150894165,
            "1": 0.9325070977210999,
            "2": 0.713267982006073
        },
        "1": {
            "0": 0.93425452709198,
            "1": 0.982553243637085,
            "2": 0.7182184457778931
        },
        "2": {
            "0": 0.46581703424453735,
            "1": 0.4719800055027008,
            "2": 0.69040447473526
        }
    }
}