{
    "confidence_score": 0.6189398169517517,
    "ptm": 0.4511689245700836,
    "iptm": 0.26937928795814514,
    "ligand_iptm": 0.0,
    "protein_iptm": 0.26937928795814514,
    "complex_plddt": 0.7063299417495728,
    "complex_iplddt": 0.7292253971099854,
    "complex_pde": 1.7434414625167847,
    "complex_ipde": 12.042402267456055,
    "chains_ptm": {
        "0": 0.9684719443321228,
        "1": 0.971631646156311,
        "2": 0.5628764033317566
    },
    "pair_chains_iptm": {
        "0": {
            "0": 0.9684719443321228,
            "1": 0.8418248891830444,
            "2": 0.21858318150043488
        },
        "1": {
            "0": 0.8589202165603638,
            "1": 0.971631646156311,
            "2": 0.21342100203037262
        },
        "2": {
            "0": 0.16915611922740936,
            "1": 0.16651834547519684,
            "2": 0.5628764033317566
        }
    }
}