{
    "confidence_score": 0.8332816958427429,
    "ptm": 0.5502448678016663,
    "iptm": 0.4309094250202179,
    "ligand_iptm": 0.0,
    "protein_iptm": 0.4309094250202179,
    "complex_plddt": 0.9338747262954712,
    "complex_iplddt": 0.9473994374275208,
    "complex_pde": 0.7510223388671875,
    "complex_ipde": 7.2372727394104,
    "chains_ptm": {
        "0": 0.9877716302871704,
        "1": 0.991061270236969,
        "2": 0.775081217288971
    },
    "pair_chains_iptm": {
        "0": {
            "0": 0.9877716302871704,
            "1": 0.9499762654304504,
            "2": 0.34045857191085815
        },
        "1": {
            "0": 0.95172518491745,
            "1": 0.991061270236969,
            "2": 0.3330253064632416
        },
        "2": {
            "0": 0.24365505576133728,
            "1": 0.24861395359039307,
            "2": 0.775081217288971
        }
    }
}