{
    "confidence_score": 0.7849189639091492,
    "ptm": 0.6667860746383667,
    "iptm": 0.42603209614753723,
    "ligand_iptm": 0.0,
    "protein_iptm": 0.42603209614753723,
    "complex_plddt": 0.8746406435966492,
    "complex_iplddt": 0.847318172454834,
    "complex_pde": 0.8039772510528564,
    "complex_ipde": 8.467606544494629,
    "chains_ptm": {
        "0": 0.983363687992096,
        "1": 0.9882928133010864,
        "2": 0.8628920912742615
    },
    "pair_chains_iptm": {
        "0": {
            "0": 0.983363687992096,
            "1": 0.9417110085487366,
            "2": 0.3152148425579071
        },
        "1": {
            "0": 0.9415594935417175,
            "1": 0.9882928133010864,
            "2": 0.330354243516922
        },
        "2": {
            "0": 0.27826082706451416,
            "1": 0.3033835291862488,
            "2": 0.8628920912742615
        }
    }
}