{
    "confidence_score": 0.8662574887275696,
    "ptm": 0.8926037549972534,
    "iptm": 0.904750645160675,
    "ligand_iptm": 0.0,
    "protein_iptm": 0.904750645160675,
    "complex_plddt": 0.8566341996192932,
    "complex_iplddt": 0.8628020882606506,
    "complex_pde": 0.46498972177505493,
    "complex_ipde": 1.0086853504180908,
    "chains_ptm": {
        "0": 0.9823706150054932,
        "1": 0.9845229983329773,
        "2": 0.9110355377197266
    },
    "pair_chains_iptm": {
        "0": {
            "0": 0.9823706150054932,
            "1": 0.9494578242301941,
            "2": 0.9050330519676208
        },
        "1": {
            "0": 0.9496075510978699,
            "1": 0.9845229983329773,
            "2": 0.9065036177635193
        },
        "2": {
            "0": 0.7793806791305542,
            "1": 0.8049997091293335,
            "2": 0.9110355377197266
        }
    }
}