{
    "confidence_score": 0.6560425758361816,
    "ptm": 0.5809351205825806,
    "iptm": 0.3241247832775116,
    "ligand_iptm": 0.0,
    "protein_iptm": 0.3241247832775116,
    "complex_plddt": 0.7390220165252686,
    "complex_iplddt": 0.7458205223083496,
    "complex_pde": 1.3117374181747437,
    "complex_ipde": 10.21080493927002,
    "chains_ptm": {
        "0": 0.9768652319908142,
        "1": 0.9812240600585938,
        "2": 0.7754696011543274
    },
    "pair_chains_iptm": {
        "0": {
            "0": 0.9768652319908142,
            "1": 0.9062573313713074,
            "2": 0.1813289076089859
        },
        "1": {
            "0": 0.9129295945167542,
            "1": 0.9812240600585938,
            "2": 0.1933251917362213
        },
        "2": {
            "0": 0.17402540147304535,
            "1": 0.17861436307430267,
            "2": 0.7754696011543274
        }
    }
}