{
    "confidence_score": 0.7598015069961548,
    "ptm": 0.6933150887489319,
    "iptm": 0.5809623003005981,
    "ligand_iptm": 0.0,
    "protein_iptm": 0.5809623003005981,
    "complex_plddt": 0.804511308670044,
    "complex_iplddt": 0.7717348337173462,
    "complex_pde": 0.5837907195091248,
    "complex_ipde": 4.2846760749816895,
    "chains_ptm": {
        "0": 0.9793897867202759,
        "1": 0.9790889620780945,
        "2": 0.7378550171852112
    },
    "pair_chains_iptm": {
        "0": {
            "0": 0.9793897867202759,
            "1": 0.926750898361206,
            "2": 0.46399492025375366
        },
        "1": {
            "0": 0.9304160475730896,
            "1": 0.9790889620780945,
            "2": 0.4825699031352997
        },
        "2": {
            "0": 0.39150506258010864,
            "1": 0.36849361658096313,
            "2": 0.7378550171852112
        }
    }
}