{
    "confidence_score": 0.6594542860984802,
    "ptm": 0.6322533488273621,
    "iptm": 0.40674710273742676,
    "ligand_iptm": 0.0,
    "protein_iptm": 0.40674710273742676,
    "complex_plddt": 0.7226310968399048,
    "complex_iplddt": 0.7103220820426941,
    "complex_pde": 1.3047351837158203,
    "complex_ipde": 8.730415344238281,
    "chains_ptm": {
        "0": 0.9832116961479187,
        "1": 0.9845699667930603,
        "2": 0.7917036414146423
    },
    "pair_chains_iptm": {
        "0": {
            "0": 0.9832116961479187,
            "1": 0.9213001132011414,
            "2": 0.3177832365036011
        },
        "1": {
            "0": 0.9282037615776062,
            "1": 0.9845699667930603,
            "2": 0.30580058693885803
        },
        "2": {
            "0": 0.28559252619743347,
            "1": 0.27919307351112366,
            "2": 0.7917036414146423
        }
    }
}