{
    "confidence_score": 0.7903302311897278,
    "ptm": 0.7716829180717468,
    "iptm": 0.6732159852981567,
    "ligand_iptm": 0.0,
    "protein_iptm": 0.6732159852981567,
    "complex_plddt": 0.8196088075637817,
    "complex_iplddt": 0.7526103258132935,
    "complex_pde": 0.6047909259796143,
    "complex_ipde": 3.583599805831909,
    "chains_ptm": {
        "0": 0.9701728224754333,
        "1": 0.9680007100105286,
        "2": 0.9519763588905334
    },
    "pair_chains_iptm": {
        "0": {
            "0": 0.9701728224754333,
            "1": 0.9176672697067261,
            "2": 0.31183916330337524
        },
        "1": {
            "0": 0.916706919670105,
            "1": 0.9680007100105286,
            "2": 0.3058626353740692
        },
        "2": {
            "0": 0.3935290575027466,
            "1": 0.39186644554138184,
            "2": 0.9519763588905334
        }
    }
}