{
    "confidence_score": 0.6060618758201599,
    "ptm": 0.635182797908783,
    "iptm": 0.39208048582077026,
    "ligand_iptm": 0.0,
    "protein_iptm": 0.39208048582077026,
    "complex_plddt": 0.6595572233200073,
    "complex_iplddt": 0.7153015732765198,
    "complex_pde": 1.6415042877197266,
    "complex_ipde": 8.291573524475098,
    "chains_ptm": {
        "0": 0.9766306281089783,
        "1": 0.9754554033279419,
        "2": 0.7631092071533203
    },
    "pair_chains_iptm": {
        "0": {
            "0": 0.9766306281089783,
            "1": 0.9022722244262695,
            "2": 0.3557007312774658
        },
        "1": {
            "0": 0.9090446829795837,
            "1": 0.9754554033279419,
            "2": 0.3716188371181488
        },
        "2": {
            "0": 0.27203282713890076,
            "1": 0.27672216296195984,
            "2": 0.7631092071533203
        }
    }
}