{
    "confidence_score": 0.6890361905097961,
    "ptm": 0.529329776763916,
    "iptm": 0.3681930899620056,
    "ligand_iptm": 0.0,
    "protein_iptm": 0.3681930899620056,
    "complex_plddt": 0.7692469358444214,
    "complex_iplddt": 0.7906414866447449,
    "complex_pde": 1.4758405685424805,
    "complex_ipde": 8.041823387145996,
    "chains_ptm": {
        "0": 0.9751161932945251,
        "1": 0.977559506893158,
        "2": 0.6453104019165039
    },
    "pair_chains_iptm": {
        "0": {
            "0": 0.9751161932945251,
            "1": 0.8943361639976501,
            "2": 0.36029183864593506
        },
        "1": {
            "0": 0.9079573154449463,
            "1": 0.977559506893158,
            "2": 0.31427520513534546
        },
        "2": {
            "0": 0.29055100679397583,
            "1": 0.2606429159641266,
            "2": 0.6453104019165039
        }
    }
}