{
    "confidence_score": 0.9505646824836731,
    "ptm": 0.9679423570632935,
    "iptm": 0.9562143683433533,
    "ligand_iptm": 0.0,
    "protein_iptm": 0.9562143683433533,
    "complex_plddt": 0.9491522312164307,
    "complex_iplddt": 0.9317132234573364,
    "complex_pde": 0.29363927245140076,
    "complex_ipde": 0.5064542293548584,
    "chains_ptm": {
        "0": 0.9923500418663025,
        "1": 0.9929325580596924,
        "2": 0.9801679849624634
    },
    "pair_chains_iptm": {
        "0": {
            "0": 0.9923500418663025,
            "1": 0.9772846102714539,
            "2": 0.9190861582756042
        },
        "1": {
            "0": 0.9771586060523987,
            "1": 0.9929325580596924,
            "2": 0.9172999858856201
        },
        "2": {
            "0": 0.9327139258384705,
            "1": 0.9341241717338562,
            "2": 0.9801679849624634
        }
    }
}