{
    "confidence_score": 0.8228554725646973,
    "ptm": 0.5467144846916199,
    "iptm": 0.44039008021354675,
    "ligand_iptm": 0.0,
    "protein_iptm": 0.44039008021354675,
    "complex_plddt": 0.9184718132019043,
    "complex_iplddt": 0.925207257270813,
    "complex_pde": 0.790381908416748,
    "complex_ipde": 7.499124526977539,
    "chains_ptm": {
        "0": 0.9857417941093445,
        "1": 0.9903251528739929,
        "2": 0.7539014220237732
    },
    "pair_chains_iptm": {
        "0": {
            "0": 0.9857417941093445,
            "1": 0.9515697956085205,
            "2": 0.3322310447692871
        },
        "1": {
            "0": 0.954630970954895,
            "1": 0.9903251528739929,
            "2": 0.32338234782218933
        },
        "2": {
            "0": 0.2556026875972748,
            "1": 0.2638646066188812,
            "2": 0.7539014220237732
        }
    }
}