{
    "confidence_score": 0.7711722254753113,
    "ptm": 0.8027761578559875,
    "iptm": 0.7187917232513428,
    "ligand_iptm": 0.0,
    "protein_iptm": 0.7187917232513428,
    "complex_plddt": 0.7842673063278198,
    "complex_iplddt": 0.7748492956161499,
    "complex_pde": 0.7116112112998962,
    "complex_ipde": 4.169856548309326,
    "chains_ptm": {
        "0": 0.9734926223754883,
        "1": 0.977554202079773,
        "2": 0.8237752318382263
    },
    "pair_chains_iptm": {
        "0": {
            "0": 0.9734926223754883,
            "1": 0.9163127541542053,
            "2": 0.5338805913925171
        },
        "1": {
            "0": 0.9168828129768372,
            "1": 0.977554202079773,
            "2": 0.5500218868255615
        },
        "2": {
            "0": 0.48692694306373596,
            "1": 0.50892573595047,
            "2": 0.8237752318382263
        }
    }
}