{
    "confidence_score": 0.6680653095245361,
    "ptm": 0.6597379446029663,
    "iptm": 0.4418862462043762,
    "ligand_iptm": 0.0,
    "protein_iptm": 0.4418862462043762,
    "complex_plddt": 0.7246100902557373,
    "complex_iplddt": 0.7369892001152039,
    "complex_pde": 1.137946605682373,
    "complex_ipde": 7.786182403564453,
    "chains_ptm": {
        "0": 0.9854055047035217,
        "1": 0.9865370392799377,
        "2": 0.8022475242614746
    },
    "pair_chains_iptm": {
        "0": {
            "0": 0.9854055047035217,
            "1": 0.9362934231758118,
            "2": 0.4201161563396454
        },
        "1": {
            "0": 0.9389247298240662,
            "1": 0.9865370392799377,
            "2": 0.39385512471199036
        },
        "2": {
            "0": 0.33153507113456726,
            "1": 0.31714877486228943,
            "2": 0.8022475242614746
        }
    }
}