{
    "confidence_score": 0.8579506874084473,
    "ptm": 0.9139903783798218,
    "iptm": 0.9272942543029785,
    "ligand_iptm": 0.0,
    "protein_iptm": 0.9272942543029785,
    "complex_plddt": 0.8406147956848145,
    "complex_iplddt": 0.8486546277999878,
    "complex_pde": 0.41708847880363464,
    "complex_ipde": 0.8380449414253235,
    "chains_ptm": {
        "0": 0.9867704510688782,
        "1": 0.988227128982544,
        "2": 0.9281066656112671
    },
    "pair_chains_iptm": {
        "0": {
            "0": 0.9867704510688782,
            "1": 0.9601180553436279,
            "2": 0.9265117645263672
        },
        "1": {
            "0": 0.9607133865356445,
            "1": 0.988227128982544,
            "2": 0.9281269907951355
        },
        "2": {
            "0": 0.8251565098762512,
            "1": 0.842200756072998,
            "2": 0.9281066656112671
        }
    }
}