{
    "confidence_score": 0.8627034425735474,
    "ptm": 0.8917599320411682,
    "iptm": 0.9036828279495239,
    "ligand_iptm": 0.0,
    "protein_iptm": 0.9036828279495239,
    "complex_plddt": 0.8524585366249084,
    "complex_iplddt": 0.8619954586029053,
    "complex_pde": 0.4749119281768799,
    "complex_ipde": 1.0436880588531494,
    "chains_ptm": {
        "0": 0.9822834134101868,
        "1": 0.9839861989021301,
        "2": 0.9078300595283508
    },
    "pair_chains_iptm": {
        "0": {
            "0": 0.9822834134101868,
            "1": 0.9480516314506531,
            "2": 0.9046961665153503
        },
        "1": {
            "0": 0.9481790065765381,
            "1": 0.9839861989021301,
            "2": 0.9038635492324829
        },
        "2": {
            "0": 0.7807674407958984,
            "1": 0.8018782138824463,
            "2": 0.9078300595283508
        }
    }
}