{
    "confidence_score": 0.904632568359375,
    "ptm": 0.9115912318229675,
    "iptm": 0.869209885597229,
    "ligand_iptm": 0.0,
    "protein_iptm": 0.869209885597229,
    "complex_plddt": 0.9134882688522339,
    "complex_iplddt": 0.8715108633041382,
    "complex_pde": 0.3985951244831085,
    "complex_ipde": 1.4492826461791992,
    "chains_ptm": {
        "0": 0.9880194664001465,
        "1": 0.9847433567047119,
        "2": 0.9787411689758301
    },
    "pair_chains_iptm": {
        "0": {
            "0": 0.9880194664001465,
            "1": 0.9668697714805603,
            "2": 0.7499164342880249
        },
        "1": {
            "0": 0.9643895030021667,
            "1": 0.9847433567047119,
            "2": 0.7329294681549072
        },
        "2": {
            "0": 0.7710193395614624,
            "1": 0.7591094970703125,
            "2": 0.9787411689758301
        }
    }
}