{
    "confidence_score": 0.7436501383781433,
    "ptm": 0.6107722520828247,
    "iptm": 0.4835355579853058,
    "ligand_iptm": 0.0,
    "protein_iptm": 0.4835355579853058,
    "complex_plddt": 0.8086788058280945,
    "complex_iplddt": 0.7857905626296997,
    "complex_pde": 0.6929255723953247,
    "complex_ipde": 6.012118816375732,
    "chains_ptm": {
        "0": 0.9739711880683899,
        "1": 0.9750299453735352,
        "2": 0.7185319662094116
    },
    "pair_chains_iptm": {
        "0": {
            "0": 0.9739711880683899,
            "1": 0.9120141863822937,
            "2": 0.23766319453716278
        },
        "1": {
            "0": 0.9153715968132019,
            "1": 0.9750299453735352,
            "2": 0.2415667623281479
        },
        "2": {
            "0": 0.22397208213806152,
            "1": 0.22338779270648956,
            "2": 0.7185319662094116
        }
    }
}