{
    "confidence_score": 0.9418260455131531,
    "ptm": 0.9257627129554749,
    "iptm": 0.9385660290718079,
    "ligand_iptm": 0.0,
    "protein_iptm": 0.9385660290718079,
    "complex_plddt": 0.942641019821167,
    "complex_iplddt": 0.9544919729232788,
    "complex_pde": 0.4117048978805542,
    "complex_ipde": 0.5634340643882751,
    "chains_ptm": {
        "0": 0.9911323189735413,
        "1": 0.98948073387146,
        "2": 0.9261839985847473
    },
    "pair_chains_iptm": {
        "0": {
            "0": 0.9911323189735413,
            "1": 0.9715532064437866,
            "2": 0.9369878768920898
        },
        "1": {
            "0": 0.9702100157737732,
            "1": 0.98948073387146,
            "2": 0.9402470588684082
        },
        "2": {
            "0": 0.8447353839874268,
            "1": 0.8646141886711121,
            "2": 0.9261839985847473
        }
    }
}