{
    "confidence_score": 0.6995508074760437,
    "ptm": 0.6012722253799438,
    "iptm": 0.4657098352909088,
    "ligand_iptm": 0.0,
    "protein_iptm": 0.4657098352909088,
    "complex_plddt": 0.7580110430717468,
    "complex_iplddt": 0.7618712782859802,
    "complex_pde": 1.3452708721160889,
    "complex_ipde": 7.309301853179932,
    "chains_ptm": {
        "0": 0.9819749593734741,
        "1": 0.9829818606376648,
        "2": 0.693144679069519
    },
    "pair_chains_iptm": {
        "0": {
            "0": 0.9819749593734741,
            "1": 0.9122259020805359,
            "2": 0.47729721665382385
        },
        "1": {
            "0": 0.9133917689323425,
            "1": 0.9829818606376648,
            "2": 0.4529637098312378
        },
        "2": {
            "0": 0.3580487370491028,
            "1": 0.3342303931713104,
            "2": 0.693144679069519
        }
    }
}