{
    "confidence_score": 0.8917176127433777,
    "ptm": 0.9375430345535278,
    "iptm": 0.9117511510848999,
    "ligand_iptm": 0.0,
    "protein_iptm": 0.9117511510848999,
    "complex_plddt": 0.8867092728614807,
    "complex_iplddt": 0.8604708313941956,
    "complex_pde": 0.3654981851577759,
    "complex_ipde": 1.2450084686279297,
    "chains_ptm": {
        "0": 0.9901008009910583,
        "1": 0.9923629760742188,
        "2": 0.9614357948303223
    },
    "pair_chains_iptm": {
        "0": {
            "0": 0.9901008009910583,
            "1": 0.9739107489585876,
            "2": 0.8670843243598938
        },
        "1": {
            "0": 0.9719172716140747,
            "1": 0.9923629760742188,
            "2": 0.874143123626709
        },
        "2": {
            "0": 0.8272750973701477,
            "1": 0.8457065224647522,
            "2": 0.9614357948303223
        }
    }
}