{
    "confidence_score": 0.8590127229690552,
    "ptm": 0.9112136960029602,
    "iptm": 0.9291586875915527,
    "ligand_iptm": 0.0,
    "protein_iptm": 0.9291586875915527,
    "complex_plddt": 0.8414762020111084,
    "complex_iplddt": 0.8512963056564331,
    "complex_pde": 0.421921968460083,
    "complex_ipde": 0.7514402866363525,
    "chains_ptm": {
        "0": 0.9846125245094299,
        "1": 0.9862139225006104,
        "2": 0.9212884902954102
    },
    "pair_chains_iptm": {
        "0": {
            "0": 0.9846125245094299,
            "1": 0.9561908841133118,
            "2": 0.9289384484291077
        },
        "1": {
            "0": 0.9582104086875916,
            "1": 0.9862139225006104,
            "2": 0.9310888648033142
        },
        "2": {
            "0": 0.8207345008850098,
            "1": 0.8430516719818115,
            "2": 0.9212884902954102
        }
    }
}