{
    "confidence_score": 0.6089813709259033,
    "ptm": 0.43972960114479065,
    "iptm": 0.2609096169471741,
    "ligand_iptm": 0.0,
    "protein_iptm": 0.2609096169471741,
    "complex_plddt": 0.6959993243217468,
    "complex_iplddt": 0.7040442228317261,
    "complex_pde": 1.7574350833892822,
    "complex_ipde": 12.35263442993164,
    "chains_ptm": {
        "0": 0.9703009128570557,
        "1": 0.9735252261161804,
        "2": 0.5453682541847229
    },
    "pair_chains_iptm": {
        "0": {
            "0": 0.9703009128570557,
            "1": 0.8149589896202087,
            "2": 0.19956070184707642
        },
        "1": {
            "0": 0.8426284193992615,
            "1": 0.9735252261161804,
            "2": 0.18840788304805756
        },
        "2": {
            "0": 0.1655159294605255,
            "1": 0.1614847630262375,
            "2": 0.5453682541847229
        }
    }
}