{
    "confidence_score": 0.8306754231452942,
    "ptm": 0.7768889665603638,
    "iptm": 0.8430120348930359,
    "ligand_iptm": 0.0,
    "protein_iptm": 0.8430120348930359,
    "complex_plddt": 0.8275912404060364,
    "complex_iplddt": 0.8488828539848328,
    "complex_pde": 0.5956429243087769,
    "complex_ipde": 2.9849863052368164,
    "chains_ptm": {
        "0": 0.9832360148429871,
        "1": 0.9867841601371765,
        "2": 0.7478762865066528
    },
    "pair_chains_iptm": {
        "0": {
            "0": 0.9832360148429871,
            "1": 0.9505730271339417,
            "2": 0.8422248363494873
        },
        "1": {
            "0": 0.9513927102088928,
            "1": 0.9867841601371765,
            "2": 0.8438876271247864
        },
        "2": {
            "0": 0.625853955745697,
            "1": 0.6450014710426331,
            "2": 0.7478762865066528
        }
    }
}