{
    "confidence_score": 0.7459322810173035,
    "ptm": 0.6763111352920532,
    "iptm": 0.5579867959022522,
    "ligand_iptm": 0.0,
    "protein_iptm": 0.5579867959022522,
    "complex_plddt": 0.7929186820983887,
    "complex_iplddt": 0.7671908140182495,
    "complex_pde": 0.6084268093109131,
    "complex_ipde": 4.901034355163574,
    "chains_ptm": {
        "0": 0.9791412949562073,
        "1": 0.9808840155601501,
        "2": 0.7339112758636475
    },
    "pair_chains_iptm": {
        "0": {
            "0": 0.9791412949562073,
            "1": 0.9301795959472656,
            "2": 0.42106688022613525
        },
        "1": {
            "0": 0.9346891045570374,
            "1": 0.9808840155601501,
            "2": 0.380122572183609
        },
        "2": {
            "0": 0.35318925976753235,
            "1": 0.33494678139686584,
            "2": 0.7339112758636475
        }
    }
}