{
    "confidence_score": 0.7595857977867126,
    "ptm": 0.7069461345672607,
    "iptm": 0.5789839029312134,
    "ligand_iptm": 0.0,
    "protein_iptm": 0.5789839029312134,
    "complex_plddt": 0.8047361969947815,
    "complex_iplddt": 0.7526084780693054,
    "complex_pde": 0.9207348823547363,
    "complex_ipde": 6.197041988372803,
    "chains_ptm": {
        "0": 0.9647897481918335,
        "1": 0.9703412055969238,
        "2": 0.7778923511505127
    },
    "pair_chains_iptm": {
        "0": {
            "0": 0.9647897481918335,
            "1": 0.881109356880188,
            "2": 0.2555703818798065
        },
        "1": {
            "0": 0.8833891153335571,
            "1": 0.9703412055969238,
            "2": 0.2640221118927002
        },
        "2": {
            "0": 0.2597722113132477,
            "1": 0.2597269117832184,
            "2": 0.7778923511505127
        }
    }
}