{
    "confidence_score": 0.8438124060630798,
    "ptm": 0.8390573859214783,
    "iptm": 0.9304301738739014,
    "ligand_iptm": 0.0,
    "protein_iptm": 0.9304301738739014,
    "complex_plddt": 0.8221579194068909,
    "complex_iplddt": 0.8520790338516235,
    "complex_pde": 0.485241174697876,
    "complex_ipde": 1.6271770000457764,
    "chains_ptm": {
        "0": 0.9876098036766052,
        "1": 0.9897025227546692,
        "2": 0.7994341850280762
    },
    "pair_chains_iptm": {
        "0": {
            "0": 0.9876098036766052,
            "1": 0.9640005230903625,
            "2": 0.9304237365722656
        },
        "1": {
            "0": 0.9655067324638367,
            "1": 0.9897025227546692,
            "2": 0.9324870705604553
        },
        "2": {
            "0": 0.7215170860290527,
            "1": 0.7442950010299683,
            "2": 0.7994341850280762
        }
    }
}