{
    "confidence_score": 0.6045095324516296,
    "ptm": 0.41811615228652954,
    "iptm": 0.2681654691696167,
    "ligand_iptm": 0.0,
    "protein_iptm": 0.2681654691696167,
    "complex_plddt": 0.6885955929756165,
    "complex_iplddt": 0.711771547794342,
    "complex_pde": 1.7424449920654297,
    "complex_ipde": 11.026592254638672,
    "chains_ptm": {
        "0": 0.976757287979126,
        "1": 0.974055290222168,
        "2": 0.5214029550552368
    },
    "pair_chains_iptm": {
        "0": {
            "0": 0.976757287979126,
            "1": 0.861609160900116,
            "2": 0.22484952211380005
        },
        "1": {
            "0": 0.8579007983207703,
            "1": 0.974055290222168,
            "2": 0.20824672281742096
        },
        "2": {
            "0": 0.17168700695037842,
            "1": 0.1634579300880432,
            "2": 0.5214029550552368
        }
    }
}