{
    "confidence_score": 0.6186423301696777,
    "ptm": 0.4208783507347107,
    "iptm": 0.2545486092567444,
    "ligand_iptm": 0.0,
    "protein_iptm": 0.2545486092567444,
    "complex_plddt": 0.7096657752990723,
    "complex_iplddt": 0.7303354740142822,
    "complex_pde": 1.8148943185806274,
    "complex_ipde": 12.374058723449707,
    "chains_ptm": {
        "0": 0.9698247909545898,
        "1": 0.9702754020690918,
        "2": 0.526837170124054
    },
    "pair_chains_iptm": {
        "0": {
            "0": 0.9698247909545898,
            "1": 0.8485353589057922,
            "2": 0.19479529559612274
        },
        "1": {
            "0": 0.8569285273551941,
            "1": 0.9702754020690918,
            "2": 0.17993977665901184
        },
        "2": {
            "0": 0.15434445440769196,
            "1": 0.14888593554496765,
            "2": 0.526837170124054
        }
    }
}