{
    "confidence_score": 0.7680328488349915,
    "ptm": 0.7067572474479675,
    "iptm": 0.5802938342094421,
    "ligand_iptm": 0.0,
    "protein_iptm": 0.5802938342094421,
    "complex_plddt": 0.8149675726890564,
    "complex_iplddt": 0.781613826751709,
    "complex_pde": 0.9229778051376343,
    "complex_ipde": 6.509184837341309,
    "chains_ptm": {
        "0": 0.9653360843658447,
        "1": 0.969937801361084,
        "2": 0.7991951107978821
    },
    "pair_chains_iptm": {
        "0": {
            "0": 0.9653360843658447,
            "1": 0.884171187877655,
            "2": 0.20537443459033966
        },
        "1": {
            "0": 0.884739875793457,
            "1": 0.969937801361084,
            "2": 0.218136265873909
        },
        "2": {
            "0": 0.25300103425979614,
            "1": 0.26041775941848755,
            "2": 0.7991951107978821
        }
    }
}