{
    "confidence_score": 0.8814103007316589,
    "ptm": 0.8933457732200623,
    "iptm": 0.8565115928649902,
    "ligand_iptm": 0.0,
    "protein_iptm": 0.8565115928649902,
    "complex_plddt": 0.8876349925994873,
    "complex_iplddt": 0.8771103024482727,
    "complex_pde": 0.4379567503929138,
    "complex_ipde": 1.3166654109954834,
    "chains_ptm": {
        "0": 0.9714489579200745,
        "1": 0.971833348274231,
        "2": 0.9487596750259399
    },
    "pair_chains_iptm": {
        "0": {
            "0": 0.9714489579200745,
            "1": 0.9211745262145996,
            "2": 0.7720136642456055
        },
        "1": {
            "0": 0.9229349493980408,
            "1": 0.971833348274231,
            "2": 0.7773294448852539
        },
        "2": {
            "0": 0.7788354158401489,
            "1": 0.7859163284301758,
            "2": 0.9487596750259399
        }
    }
}