{
    "confidence_score": 0.8675660490989685,
    "ptm": 0.8822405338287354,
    "iptm": 0.8965476751327515,
    "ligand_iptm": 0.0,
    "protein_iptm": 0.8965476751327515,
    "complex_plddt": 0.8603206276893616,
    "complex_iplddt": 0.8694918155670166,
    "complex_pde": 0.4973015785217285,
    "complex_ipde": 1.0807878971099854,
    "chains_ptm": {
        "0": 0.980523407459259,
        "1": 0.9828776121139526,
        "2": 0.8989359736442566
    },
    "pair_chains_iptm": {
        "0": {
            "0": 0.980523407459259,
            "1": 0.9443771243095398,
            "2": 0.8969388008117676
        },
        "1": {
            "0": 0.9444929361343384,
            "1": 0.9828776121139526,
            "2": 0.8975473642349243
        },
        "2": {
            "0": 0.7619199752807617,
            "1": 0.7847647070884705,
            "2": 0.8989359736442566
        }
    }
}