{
    "confidence_score": 0.9037882685661316,
    "ptm": 0.7790942192077637,
    "iptm": 0.7336557507514954,
    "ligand_iptm": 0.0,
    "protein_iptm": 0.7336557507514954,
    "complex_plddt": 0.9463213682174683,
    "complex_iplddt": 0.9464799165725708,
    "complex_pde": 0.4111607074737549,
    "complex_ipde": 2.1284561157226562,
    "chains_ptm": {
        "0": 0.9879459142684937,
        "1": 0.989022433757782,
        "2": 0.8478593826293945
    },
    "pair_chains_iptm": {
        "0": {
            "0": 0.9879459142684937,
            "1": 0.9639699459075928,
            "2": 0.7213294506072998
        },
        "1": {
            "0": 0.9644731879234314,
            "1": 0.989022433757782,
            "2": 0.7477095127105713
        },
        "2": {
            "0": 0.5611868500709534,
            "1": 0.5560148358345032,
            "2": 0.8478593826293945
        }
    }
}