{
    "confidence_score": 0.7789985537528992,
    "ptm": 0.6515453457832336,
    "iptm": 0.659165620803833,
    "ligand_iptm": 0.0,
    "protein_iptm": 0.659165620803833,
    "complex_plddt": 0.8089567422866821,
    "complex_iplddt": 0.8214804530143738,
    "complex_pde": 0.7913045883178711,
    "complex_ipde": 5.36500883102417,
    "chains_ptm": {
        "0": 0.9801945686340332,
        "1": 0.982746422290802,
        "2": 0.663869321346283
    },
    "pair_chains_iptm": {
        "0": {
            "0": 0.9801945686340332,
            "1": 0.9357259273529053,
            "2": 0.6615843772888184
        },
        "1": {
            "0": 0.9381884336471558,
            "1": 0.982746422290802,
            "2": 0.6564757227897644
        },
        "2": {
            "0": 0.43815067410469055,
            "1": 0.43656623363494873,
            "2": 0.663869321346283
        }
    }
}