{
    "confidence_score": 0.8889625668525696,
    "ptm": 0.9448114633560181,
    "iptm": 0.9253894090652466,
    "ligand_iptm": 0.0,
    "protein_iptm": 0.9253894090652466,
    "complex_plddt": 0.8798558712005615,
    "complex_iplddt": 0.8659311532974243,
    "complex_pde": 0.3267666697502136,
    "complex_ipde": 0.5677527189254761,
    "chains_ptm": {
        "0": 0.9833524823188782,
        "1": 0.9843785762786865,
        "2": 0.9698153734207153
    },
    "pair_chains_iptm": {
        "0": {
            "0": 0.9833524823188782,
            "1": 0.9500820636749268,
            "2": 0.8995630145072937
        },
        "1": {
            "0": 0.9527731537818909,
            "1": 0.9843785762786865,
            "2": 0.8980250954627991
        },
        "2": {
            "0": 0.8973097801208496,
            "1": 0.8984314799308777,
            "2": 0.9698153734207153
        }
    }
}