{
    "confidence_score": 0.8208650946617126,
    "ptm": 0.7951747179031372,
    "iptm": 0.7982337474822998,
    "ligand_iptm": 0.0,
    "protein_iptm": 0.7982337474822998,
    "complex_plddt": 0.8265228867530823,
    "complex_iplddt": 0.8097769021987915,
    "complex_pde": 0.44933202862739563,
    "complex_ipde": 2.1960055828094482,
    "chains_ptm": {
        "0": 0.9788070321083069,
        "1": 0.9846897721290588,
        "2": 0.744388997554779
    },
    "pair_chains_iptm": {
        "0": {
            "0": 0.9788070321083069,
            "1": 0.9452744722366333,
            "2": 0.8011550307273865
        },
        "1": {
            "0": 0.9504298567771912,
            "1": 0.9846897721290588,
            "2": 0.7949265837669373
        },
        "2": {
            "0": 0.5680333375930786,
            "1": 0.5749402642250061,
            "2": 0.744388997554779
        }
    }
}