{
    "confidence_score": 0.9086779952049255,
    "ptm": 0.9509354829788208,
    "iptm": 0.928932249546051,
    "ligand_iptm": 0.0,
    "protein_iptm": 0.928932249546051,
    "complex_plddt": 0.9036144018173218,
    "complex_iplddt": 0.855352520942688,
    "complex_pde": 0.3244071304798126,
    "complex_ipde": 0.7718682885169983,
    "chains_ptm": {
        "0": 0.9901108741760254,
        "1": 0.9893496036529541,
        "2": 0.9830546379089355
    },
    "pair_chains_iptm": {
        "0": {
            "0": 0.9901108741760254,
            "1": 0.9728483557701111,
            "2": 0.8745859861373901
        },
        "1": {
            "0": 0.9722205400466919,
            "1": 0.9893496036529541,
            "2": 0.8673303127288818
        },
        "2": {
            "0": 0.8854519128799438,
            "1": 0.8780511617660522,
            "2": 0.9830546379089355
        }
    }
}