{
    "confidence_score": 0.8634986877441406,
    "ptm": 0.8971751928329468,
    "iptm": 0.9112012386322021,
    "ligand_iptm": 0.0,
    "protein_iptm": 0.9112012386322021,
    "complex_plddt": 0.85157310962677,
    "complex_iplddt": 0.8604450821876526,
    "complex_pde": 0.4625021815299988,
    "complex_ipde": 0.9629080295562744,
    "chains_ptm": {
        "0": 0.9822220206260681,
        "1": 0.9850507378578186,
        "2": 0.9102716445922852
    },
    "pair_chains_iptm": {
        "0": {
            "0": 0.9822220206260681,
            "1": 0.9512291550636292,
            "2": 0.9095866084098816
        },
        "1": {
            "0": 0.9490767121315002,
            "1": 0.9850507378578186,
            "2": 0.9132899641990662
        },
        "2": {
            "0": 0.7801198959350586,
            "1": 0.8110889196395874,
            "2": 0.9102716445922852
        }
    }
}