{
    "confidence_score": 0.6423395276069641,
    "ptm": 0.5898208022117615,
    "iptm": 0.3273783028125763,
    "ligand_iptm": 0.0,
    "protein_iptm": 0.3273783028125763,
    "complex_plddt": 0.7210798263549805,
    "complex_iplddt": 0.718546450138092,
    "complex_pde": 1.2445578575134277,
    "complex_ipde": 10.569272994995117,
    "chains_ptm": {
        "0": 0.9828280210494995,
        "1": 0.9842711091041565,
        "2": 0.7891285419464111
    },
    "pair_chains_iptm": {
        "0": {
            "0": 0.9828280210494995,
            "1": 0.9134858250617981,
            "2": 0.19508567452430725
        },
        "1": {
            "0": 0.920204222202301,
            "1": 0.9842711091041565,
            "2": 0.20205405354499817
        },
        "2": {
            "0": 0.17810600996017456,
            "1": 0.1798703670501709,
            "2": 0.7891285419464111
        }
    }
}