{
    "confidence_score": 0.95626300573349,
    "ptm": 0.972845733165741,
    "iptm": 0.9630670547485352,
    "ligand_iptm": 0.0,
    "protein_iptm": 0.9630670547485352,
    "complex_plddt": 0.9545618891716003,
    "complex_iplddt": 0.940143346786499,
    "complex_pde": 0.28631865978240967,
    "complex_ipde": 0.47431281208992004,
    "chains_ptm": {
        "0": 0.9930875897407532,
        "1": 0.9936414361000061,
        "2": 0.9842693209648132
    },
    "pair_chains_iptm": {
        "0": {
            "0": 0.9930875897407532,
            "1": 0.9801890254020691,
            "2": 0.9376391768455505
        },
        "1": {
            "0": 0.9797714948654175,
            "1": 0.9936414361000061,
            "2": 0.9371217489242554
        },
        "2": {
            "0": 0.9440252184867859,
            "1": 0.9460676908493042,
            "2": 0.9842693209648132
        }
    }
}