{
    "confidence_score": 0.8233990669250488,
    "ptm": 0.8089624643325806,
    "iptm": 0.8240315318107605,
    "ligand_iptm": 0.0,
    "protein_iptm": 0.8240315318107605,
    "complex_plddt": 0.8232409358024597,
    "complex_iplddt": 0.8156194090843201,
    "complex_pde": 0.43494904041290283,
    "complex_ipde": 1.7899527549743652,
    "chains_ptm": {
        "0": 0.9769386649131775,
        "1": 0.9826719164848328,
        "2": 0.7382741570472717
    },
    "pair_chains_iptm": {
        "0": {
            "0": 0.9769386649131775,
            "1": 0.941990852355957,
            "2": 0.8261337876319885
        },
        "1": {
            "0": 0.9447668790817261,
            "1": 0.9826719164848328,
            "2": 0.8216515183448792
        },
        "2": {
            "0": 0.6040666103363037,
            "1": 0.6107827425003052,
            "2": 0.7382741570472717
        }
    }
}