{
    "confidence_score": 0.7636401057243347,
    "ptm": 0.7515233755111694,
    "iptm": 0.6473422050476074,
    "ligand_iptm": 0.0,
    "protein_iptm": 0.6473422050476074,
    "complex_plddt": 0.792714536190033,
    "complex_iplddt": 0.7774704098701477,
    "complex_pde": 0.8278566598892212,
    "complex_ipde": 5.315680980682373,
    "chains_ptm": {
        "0": 0.9620165228843689,
        "1": 0.9683325290679932,
        "2": 0.8115492463111877
    },
    "pair_chains_iptm": {
        "0": {
            "0": 0.9620165228843689,
            "1": 0.8864540457725525,
            "2": 0.39784619212150574
        },
        "1": {
            "0": 0.8855667114257812,
            "1": 0.9683325290679932,
            "2": 0.4132685661315918
        },
        "2": {
            "0": 0.37285903096199036,
            "1": 0.39644911885261536,
            "2": 0.8115492463111877
        }
    }
}