{
    "confidence_score": 0.6727370619773865,
    "ptm": 0.6652722358703613,
    "iptm": 0.47785815596580505,
    "ligand_iptm": 0.0,
    "protein_iptm": 0.47785815596580505,
    "complex_plddt": 0.7214568257331848,
    "complex_iplddt": 0.7283630967140198,
    "complex_pde": 1.1709527969360352,
    "complex_ipde": 7.484610080718994,
    "chains_ptm": {
        "0": 0.984564483165741,
        "1": 0.9846580028533936,
        "2": 0.7893775701522827
    },
    "pair_chains_iptm": {
        "0": {
            "0": 0.984564483165741,
            "1": 0.9323797821998596,
            "2": 0.44586464762687683
        },
        "1": {
            "0": 0.9335233569145203,
            "1": 0.9846580028533936,
            "2": 0.4378248453140259
        },
        "2": {
            "0": 0.36440056562423706,
            "1": 0.36488938331604004,
            "2": 0.7893775701522827
        }
    }
}