{
    "confidence_score": 0.7832755446434021,
    "ptm": 0.8600060343742371,
    "iptm": 0.8033604025840759,
    "ligand_iptm": 0.0,
    "protein_iptm": 0.8033604025840759,
    "complex_plddt": 0.7782542705535889,
    "complex_iplddt": 0.7618428468704224,
    "complex_pde": 0.5790534615516663,
    "complex_ipde": 2.378692626953125,
    "chains_ptm": {
        "0": 0.9724071621894836,
        "1": 0.9778899550437927,
        "2": 0.8341110348701477
    },
    "pair_chains_iptm": {
        "0": {
            "0": 0.9724071621894836,
            "1": 0.919844925403595,
            "2": 0.7454668283462524
        },
        "1": {
            "0": 0.9183681607246399,
            "1": 0.9778899550437927,
            "2": 0.7779689431190491
        },
        "2": {
            "0": 0.6350796818733215,
            "1": 0.6795956492424011,
            "2": 0.8341110348701477
        }
    }
}