{
    "confidence_score": 0.79193514585495,
    "ptm": 0.7986974716186523,
    "iptm": 0.7128987312316895,
    "ligand_iptm": 0.0,
    "protein_iptm": 0.7128987312316895,
    "complex_plddt": 0.8116942644119263,
    "complex_iplddt": 0.7411887645721436,
    "complex_pde": 0.5883941650390625,
    "complex_ipde": 3.2344064712524414,
    "chains_ptm": {
        "0": 0.9676927924156189,
        "1": 0.9661916494369507,
        "2": 0.9492552280426025
    },
    "pair_chains_iptm": {
        "0": {
            "0": 0.9676927924156189,
            "1": 0.9142009019851685,
            "2": 0.3925316333770752
        },
        "1": {
            "0": 0.914202094078064,
            "1": 0.9661916494369507,
            "2": 0.39475759863853455
        },
        "2": {
            "0": 0.48511961102485657,
            "1": 0.4817277789115906,
            "2": 0.9492552280426025
        }
    }
}