{
    "confidence_score": 0.6620619893074036,
    "ptm": 0.6134668588638306,
    "iptm": 0.32739943265914917,
    "ligand_iptm": 0.0,
    "protein_iptm": 0.32739943265914917,
    "complex_plddt": 0.7457275986671448,
    "complex_iplddt": 0.7686872482299805,
    "complex_pde": 1.2005927562713623,
    "complex_ipde": 9.424847602844238,
    "chains_ptm": {
        "0": 0.9772681593894958,
        "1": 0.9820941090583801,
        "2": 0.8091875314712524
    },
    "pair_chains_iptm": {
        "0": {
            "0": 0.9772681593894958,
            "1": 0.9045892953872681,
            "2": 0.2066383957862854
        },
        "1": {
            "0": 0.9080817103385925,
            "1": 0.9820941090583801,
            "2": 0.1998218148946762
        },
        "2": {
            "0": 0.18852002918720245,
            "1": 0.18344330787658691,
            "2": 0.8091875314712524
        }
    }
}