{
    "confidence_score": 0.8733653426170349,
    "ptm": 0.926852822303772,
    "iptm": 0.8957241773605347,
    "ligand_iptm": 0.0,
    "protein_iptm": 0.8957241773605347,
    "complex_plddt": 0.867775559425354,
    "complex_iplddt": 0.8403795957565308,
    "complex_pde": 0.39327681064605713,
    "complex_ipde": 1.5590183734893799,
    "chains_ptm": {
        "0": 0.9905298948287964,
        "1": 0.9919549226760864,
        "2": 0.9586105942726135
    },
    "pair_chains_iptm": {
        "0": {
            "0": 0.9905298948287964,
            "1": 0.9726917147636414,
            "2": 0.8231545090675354
        },
        "1": {
            "0": 0.970603346824646,
            "1": 0.9919549226760864,
            "2": 0.8071664571762085
        },
        "2": {
            "0": 0.8019055128097534,
            "1": 0.8145592212677002,
            "2": 0.9586105942726135
        }
    }
}