{
    "confidence_score": 0.8904209136962891,
    "ptm": 0.9367285966873169,
    "iptm": 0.9154787063598633,
    "ligand_iptm": 0.0,
    "protein_iptm": 0.9154787063598633,
    "complex_plddt": 0.8841564655303955,
    "complex_iplddt": 0.8738322257995605,
    "complex_pde": 0.35008758306503296,
    "complex_ipde": 0.6454664468765259,
    "chains_ptm": {
        "0": 0.9799404144287109,
        "1": 0.9812135696411133,
        "2": 0.9639453887939453
    },
    "pair_chains_iptm": {
        "0": {
            "0": 0.9799404144287109,
            "1": 0.943778932094574,
            "2": 0.886422336101532
        },
        "1": {
            "0": 0.9446500539779663,
            "1": 0.9812135696411133,
            "2": 0.881755530834198
        },
        "2": {
            "0": 0.8817763924598694,
            "1": 0.8845820426940918,
            "2": 0.9639453887939453
        }
    }
}