{
    "confidence_score": 0.6745648384094238,
    "ptm": 0.6377067565917969,
    "iptm": 0.43578964471817017,
    "ligand_iptm": 0.0,
    "protein_iptm": 0.43578964471817017,
    "complex_plddt": 0.7342586517333984,
    "complex_iplddt": 0.729394793510437,
    "complex_pde": 1.3277276754379272,
    "complex_ipde": 8.435624122619629,
    "chains_ptm": {
        "0": 0.9779922962188721,
        "1": 0.9822773337364197,
        "2": 0.7712366580963135
    },
    "pair_chains_iptm": {
        "0": {
            "0": 0.9779922962188721,
            "1": 0.9087257981300354,
            "2": 0.3651135265827179
        },
        "1": {
            "0": 0.9085598587989807,
            "1": 0.9822773337364197,
            "2": 0.35683387517929077
        },
        "2": {
            "0": 0.329515665769577,
            "1": 0.3159428834915161,
            "2": 0.7712366580963135
        }
    }
}