{
    "confidence_score": 0.6211841106414795,
    "ptm": 0.43274006247520447,
    "iptm": 0.25529518723487854,
    "ligand_iptm": 0.0,
    "protein_iptm": 0.25529518723487854,
    "complex_plddt": 0.7126563191413879,
    "complex_iplddt": 0.7348017692565918,
    "complex_pde": 1.7618012428283691,
    "complex_ipde": 12.139994621276855,
    "chains_ptm": {
        "0": 0.972644567489624,
        "1": 0.9731636047363281,
        "2": 0.5419589877128601
    },
    "pair_chains_iptm": {
        "0": {
            "0": 0.972644567489624,
            "1": 0.8585914373397827,
            "2": 0.1870831847190857
        },
        "1": {
            "0": 0.8663956522941589,
            "1": 0.9731636047363281,
            "2": 0.17163623869419098
        },
        "2": {
            "0": 0.15524010360240936,
            "1": 0.14789621531963348,
            "2": 0.5419589877128601
        }
    }
}