{
    "confidence_score": 0.813581645488739,
    "ptm": 0.8787143230438232,
    "iptm": 0.8261430263519287,
    "ligand_iptm": 0.0,
    "protein_iptm": 0.8261430263519287,
    "complex_plddt": 0.810441255569458,
    "complex_iplddt": 0.7472068667411804,
    "complex_pde": 0.44563421607017517,
    "complex_ipde": 1.8537198305130005,
    "chains_ptm": {
        "0": 0.9759925007820129,
        "1": 0.977665364742279,
        "2": 0.9628447890281677
    },
    "pair_chains_iptm": {
        "0": {
            "0": 0.9759925007820129,
            "1": 0.9360699653625488,
            "2": 0.6731152534484863
        },
        "1": {
            "0": 0.9375418424606323,
            "1": 0.977665364742279,
            "2": 0.6743412613868713
        },
        "2": {
            "0": 0.7057049870491028,
            "1": 0.6996232867240906,
            "2": 0.9628447890281677
        }
    }
}