{
    "confidence_score": 0.8376874923706055,
    "ptm": 0.8530527949333191,
    "iptm": 0.9367519617080688,
    "ligand_iptm": 0.0,
    "protein_iptm": 0.9367519617080688,
    "complex_plddt": 0.812921404838562,
    "complex_iplddt": 0.8142074942588806,
    "complex_pde": 0.49189600348472595,
    "complex_ipde": 1.5130479335784912,
    "chains_ptm": {
        "0": 0.9869773387908936,
        "1": 0.9893311858177185,
        "2": 0.812566339969635
    },
    "pair_chains_iptm": {
        "0": {
            "0": 0.9869773387908936,
            "1": 0.9631949663162231,
            "2": 0.9327250123023987
        },
        "1": {
            "0": 0.9636858105659485,
            "1": 0.9893311858177185,
            "2": 0.9425041079521179
        },
        "2": {
            "0": 0.7358140349388123,
            "1": 0.7683777213096619,
            "2": 0.812566339969635
        }
    }
}