{
    "confidence_score": 0.8902873396873474,
    "ptm": 0.9457928538322449,
    "iptm": 0.9248186945915222,
    "ligand_iptm": 0.0,
    "protein_iptm": 0.9248186945915222,
    "complex_plddt": 0.8816545009613037,
    "complex_iplddt": 0.8721386194229126,
    "complex_pde": 0.32745832204818726,
    "complex_ipde": 0.5603727102279663,
    "chains_ptm": {
        "0": 0.983863353729248,
        "1": 0.9840244054794312,
        "2": 0.9668920040130615
    },
    "pair_chains_iptm": {
        "0": {
            "0": 0.983863353729248,
            "1": 0.9524745345115662,
            "2": 0.8976298570632935
        },
        "1": {
            "0": 0.9549769759178162,
            "1": 0.9840244054794312,
            "2": 0.8897544741630554
        },
        "2": {
            "0": 0.896953284740448,
            "1": 0.8915995359420776,
            "2": 0.9668920040130615
        }
    }
}