{
    "confidence_score": 0.7879023551940918,
    "ptm": 0.7892687320709229,
    "iptm": 0.6896454095840454,
    "ligand_iptm": 0.0,
    "protein_iptm": 0.6896454095840454,
    "complex_plddt": 0.8124666213989258,
    "complex_iplddt": 0.755070149898529,
    "complex_pde": 0.5674024820327759,
    "complex_ipde": 3.1932425498962402,
    "chains_ptm": {
        "0": 0.9735076427459717,
        "1": 0.9689595103263855,
        "2": 0.9555527567863464
    },
    "pair_chains_iptm": {
        "0": {
            "0": 0.9735076427459717,
            "1": 0.9218006730079651,
            "2": 0.38913702964782715
        },
        "1": {
            "0": 0.9247779250144958,
            "1": 0.9689595103263855,
            "2": 0.3512990474700928
        },
        "2": {
            "0": 0.4365973174571991,
            "1": 0.42244797945022583,
            "2": 0.9555527567863464
        }
    }
}