{
    "confidence_score": 0.9447984099388123,
    "ptm": 0.9354768395423889,
    "iptm": 0.9476311206817627,
    "ligand_iptm": 0.0,
    "protein_iptm": 0.9476311206817627,
    "complex_plddt": 0.9440901875495911,
    "complex_iplddt": 0.956003725528717,
    "complex_pde": 0.37258660793304443,
    "complex_ipde": 0.51774001121521,
    "chains_ptm": {
        "0": 0.9918597936630249,
        "1": 0.9904813766479492,
        "2": 0.9358793497085571
    },
    "pair_chains_iptm": {
        "0": {
            "0": 0.9918597936630249,
            "1": 0.9747628569602966,
            "2": 0.9469446539878845
        },
        "1": {
            "0": 0.9729925990104675,
            "1": 0.9904813766479492,
            "2": 0.9483615159988403
        },
        "2": {
            "0": 0.8655213713645935,
            "1": 0.8788540959358215,
            "2": 0.9358793497085571
        }
    }
}