{
    "confidence_score": 0.9425624012947083,
    "ptm": 0.9520759582519531,
    "iptm": 0.9499242305755615,
    "ligand_iptm": 0.0,
    "protein_iptm": 0.9499242305755615,
    "complex_plddt": 0.9407219290733337,
    "complex_iplddt": 0.9529904127120972,
    "complex_pde": 0.324749618768692,
    "complex_ipde": 0.4831056296825409,
    "chains_ptm": {
        "0": 0.9925051331520081,
        "1": 0.9914730787277222,
        "2": 0.9644549489021301
    },
    "pair_chains_iptm": {
        "0": {
            "0": 0.9925051331520081,
            "1": 0.9758270978927612,
            "2": 0.9476535320281982
        },
        "1": {
            "0": 0.9745721817016602,
            "1": 0.9914730787277222,
            "2": 0.9530538320541382
        },
        "2": {
            "0": 0.8879616260528564,
            "1": 0.9095122814178467,
            "2": 0.9644549489021301
        }
    }
}