{
    "confidence_score": 0.8371567130088806,
    "ptm": 0.6106558442115784,
    "iptm": 0.48287567496299744,
    "ligand_iptm": 0.0,
    "protein_iptm": 0.48287567496299744,
    "complex_plddt": 0.9257268905639648,
    "complex_iplddt": 0.9312377572059631,
    "complex_pde": 0.6181653141975403,
    "complex_ipde": 5.976283073425293,
    "chains_ptm": {
        "0": 0.985809862613678,
        "1": 0.9868307113647461,
        "2": 0.8287938237190247
    },
    "pair_chains_iptm": {
        "0": {
            "0": 0.985809862613678,
            "1": 0.9540202617645264,
            "2": 0.2106972634792328
        },
        "1": {
            "0": 0.9546711444854736,
            "1": 0.9868307113647461,
            "2": 0.19226796925067902
        },
        "2": {
            "0": 0.19602565467357635,
            "1": 0.2040410041809082,
            "2": 0.8287938237190247
        }
    }
}