{
    "confidence_score": 0.8408359885215759,
    "ptm": 0.8150161504745483,
    "iptm": 0.9109299182891846,
    "ligand_iptm": 0.0,
    "protein_iptm": 0.9109299182891846,
    "complex_plddt": 0.8233124017715454,
    "complex_iplddt": 0.8565622568130493,
    "complex_pde": 0.5227590799331665,
    "complex_ipde": 2.032431125640869,
    "chains_ptm": {
        "0": 0.9871534109115601,
        "1": 0.9885661005973816,
        "2": 0.7877116799354553
    },
    "pair_chains_iptm": {
        "0": {
            "0": 0.9871534109115601,
            "1": 0.9620864987373352,
            "2": 0.9103785753250122
        },
        "1": {
            "0": 0.9622342586517334,
            "1": 0.9885661005973816,
            "2": 0.9122035503387451
        },
        "2": {
            "0": 0.6779899001121521,
            "1": 0.6961384415626526,
            "2": 0.7877116799354553
        }
    }
}