{
    "confidence_score": 0.6668705344200134,
    "ptm": 0.7028713226318359,
    "iptm": 0.34253478050231934,
    "ligand_iptm": 0.0,
    "protein_iptm": 0.34253478050231934,
    "complex_plddt": 0.7479544281959534,
    "complex_iplddt": 0.7860857844352722,
    "complex_pde": 0.8657828569412231,
    "complex_ipde": 8.262472152709961,
    "chains_ptm": {
        "0": 0.9843871593475342,
        "1": 0.985840380191803,
        "2": 0.9237503409385681
    },
    "pair_chains_iptm": {
        "0": {
            "0": 0.9843871593475342,
            "1": 0.9274320006370544,
            "2": 0.21622709929943085
        },
        "1": {
            "0": 0.927531361579895,
            "1": 0.985840380191803,
            "2": 0.22514547407627106
        },
        "2": {
            "0": 0.20429256558418274,
            "1": 0.21160778403282166,
            "2": 0.9237503409385681
        }
    }
}