{
    "confidence_score": 0.7474623918533325,
    "ptm": 0.6667789816856384,
    "iptm": 0.5539188385009766,
    "ligand_iptm": 0.0,
    "protein_iptm": 0.5539188385009766,
    "complex_plddt": 0.7958482503890991,
    "complex_iplddt": 0.7813393473625183,
    "complex_pde": 0.6319290399551392,
    "complex_ipde": 6.0908074378967285,
    "chains_ptm": {
        "0": 0.9829265475273132,
        "1": 0.9832466244697571,
        "2": 0.7757863402366638
    },
    "pair_chains_iptm": {
        "0": {
            "0": 0.9829265475273132,
            "1": 0.9370360970497131,
            "2": 0.39740467071533203
        },
        "1": {
            "0": 0.9383333325386047,
            "1": 0.9832466244697571,
            "2": 0.37583792209625244
        },
        "2": {
            "0": 0.32658571004867554,
            "1": 0.32131192088127136,
            "2": 0.7757863402366638
        }
    }
}