{
    "confidence_score": 0.8324500918388367,
    "ptm": 0.9390856623649597,
    "iptm": 0.9148253798484802,
    "ligand_iptm": 0.0,
    "protein_iptm": 0.9148253798484802,
    "complex_plddt": 0.8118562698364258,
    "complex_iplddt": 0.7579476237297058,
    "complex_pde": 0.3417699337005615,
    "complex_ipde": 0.7583839893341064,
    "chains_ptm": {
        "0": 0.9820380806922913,
        "1": 0.9821043014526367,
        "2": 0.972248375415802
    },
    "pair_chains_iptm": {
        "0": {
            "0": 0.9820380806922913,
            "1": 0.9492120742797852,
            "2": 0.8618307113647461
        },
        "1": {
            "0": 0.9539564847946167,
            "1": 0.9821043014526367,
            "2": 0.8410758972167969
        },
        "2": {
            "0": 0.874217689037323,
            "1": 0.8605130314826965,
            "2": 0.972248375415802
        }
    }
}