{
    "confidence_score": 0.6126493811607361,
    "ptm": 0.6234551072120667,
    "iptm": 0.4406217932701111,
    "ligand_iptm": 0.0,
    "protein_iptm": 0.4406217932701111,
    "complex_plddt": 0.6556562185287476,
    "complex_iplddt": 0.7083417773246765,
    "complex_pde": 1.7394319772720337,
    "complex_ipde": 7.533697128295898,
    "chains_ptm": {
        "0": 0.9779974222183228,
        "1": 0.9764285683631897,
        "2": 0.7122471332550049
    },
    "pair_chains_iptm": {
        "0": {
            "0": 0.9779974222183228,
            "1": 0.9027396440505981,
            "2": 0.43889451026916504
        },
        "1": {
            "0": 0.9101707339286804,
            "1": 0.9764285683631897,
            "2": 0.4425060749053955
        },
        "2": {
            "0": 0.3153960406780243,
            "1": 0.309662401676178,
            "2": 0.7122471332550049
        }
    }
}