{
    "confidence_score": 0.6551814079284668,
    "ptm": 0.6281057000160217,
    "iptm": 0.32747530937194824,
    "ligand_iptm": 0.0,
    "protein_iptm": 0.32747530937194824,
    "complex_plddt": 0.7371079325675964,
    "complex_iplddt": 0.7600873708724976,
    "complex_pde": 1.340355396270752,
    "complex_ipde": 9.181828498840332,
    "chains_ptm": {
        "0": 0.9840475916862488,
        "1": 0.9857079982757568,
        "2": 0.8102309107780457
    },
    "pair_chains_iptm": {
        "0": {
            "0": 0.9840475916862488,
            "1": 0.9294471144676208,
            "2": 0.21788352727890015
        },
        "1": {
            "0": 0.9248965978622437,
            "1": 0.9857079982757568,
            "2": 0.21137265861034393
        },
        "2": {
            "0": 0.19926618039608002,
            "1": 0.1988128423690796,
            "2": 0.8102309107780457
        }
    }
}