{
    "confidence_score": 0.769355833530426,
    "ptm": 0.7576566338539124,
    "iptm": 0.6566629409790039,
    "ligand_iptm": 0.0,
    "protein_iptm": 0.6566629409790039,
    "complex_plddt": 0.7975290417671204,
    "complex_iplddt": 0.7297224998474121,
    "complex_pde": 0.6165101528167725,
    "complex_ipde": 3.630124807357788,
    "chains_ptm": {
        "0": 0.9686963558197021,
        "1": 0.9638752937316895,
        "2": 0.9511211514472961
    },
    "pair_chains_iptm": {
        "0": {
            "0": 0.9686963558197021,
            "1": 0.9097566604614258,
            "2": 0.2706673741340637
        },
        "1": {
            "0": 0.910422682762146,
            "1": 0.9638752937316895,
            "2": 0.30362996459007263
        },
        "2": {
            "0": 0.35635411739349365,
            "1": 0.3653663098812103,
            "2": 0.9511211514472961
        }
    }
}