{
    "confidence_score": 0.7532371282577515,
    "ptm": 0.724126935005188,
    "iptm": 0.6366353034973145,
    "ligand_iptm": 0.0,
    "protein_iptm": 0.6366353034973145,
    "complex_plddt": 0.7823875546455383,
    "complex_iplddt": 0.7570750117301941,
    "complex_pde": 0.553108811378479,
    "complex_ipde": 3.8862736225128174,
    "chains_ptm": {
        "0": 0.9801311492919922,
        "1": 0.9816956520080566,
        "2": 0.7419081330299377
    },
    "pair_chains_iptm": {
        "0": {
            "0": 0.9801311492919922,
            "1": 0.9355953335762024,
            "2": 0.463466078042984
        },
        "1": {
            "0": 0.9386208057403564,
            "1": 0.9816956520080566,
            "2": 0.4978522062301636
        },
        "2": {
            "0": 0.4426269829273224,
            "1": 0.4551238417625427,
            "2": 0.7419081330299377
        }
    }
}