{
    "confidence_score": 0.6307356357574463,
    "ptm": 0.46709248423576355,
    "iptm": 0.3441356122493744,
    "ligand_iptm": 0.0,
    "protein_iptm": 0.3441356122493744,
    "complex_plddt": 0.702385663986206,
    "complex_iplddt": 0.6669350266456604,
    "complex_pde": 1.6018199920654297,
    "complex_ipde": 9.627291679382324,
    "chains_ptm": {
        "0": 0.9717565774917603,
        "1": 0.9715521335601807,
        "2": 0.5527495741844177
    },
    "pair_chains_iptm": {
        "0": {
            "0": 0.9717565774917603,
            "1": 0.861845076084137,
            "2": 0.36229920387268066
        },
        "1": {
            "0": 0.8626404404640198,
            "1": 0.9715521335601807,
            "2": 0.32415565848350525
        },
        "2": {
            "0": 0.25329557061195374,
            "1": 0.2423052042722702,
            "2": 0.5527495741844177
        }
    }
}