{
    "confidence_score": 0.7668216228485107,
    "ptm": 0.6381235718727112,
    "iptm": 0.3511779308319092,
    "ligand_iptm": 0.0,
    "protein_iptm": 0.3511779308319092,
    "complex_plddt": 0.8707325458526611,
    "complex_iplddt": 0.8511844277381897,
    "complex_pde": 0.8487116098403931,
    "complex_ipde": 9.98820686340332,
    "chains_ptm": {
        "0": 0.9876545667648315,
        "1": 0.9895365238189697,
        "2": 0.865925133228302
    },
    "pair_chains_iptm": {
        "0": {
            "0": 0.9876545667648315,
            "1": 0.9474208354949951,
            "2": 0.1795222908258438
        },
        "1": {
            "0": 0.9472023844718933,
            "1": 0.9895365238189697,
            "2": 0.18926194310188293
        },
        "2": {
            "0": 0.1933223456144333,
            "1": 0.20564408600330353,
            "2": 0.865925133228302
        }
    }
}