{
    "confidence_score": 0.816987931728363,
    "ptm": 0.769823431968689,
    "iptm": 0.7440395951271057,
    "ligand_iptm": 0.0,
    "protein_iptm": 0.7440395951271057,
    "complex_plddt": 0.835224986076355,
    "complex_iplddt": 0.8208581805229187,
    "complex_pde": 0.5231489539146423,
    "complex_ipde": 2.8569772243499756,
    "chains_ptm": {
        "0": 0.9700229167938232,
        "1": 0.9786667227745056,
        "2": 0.7375003695487976
    },
    "pair_chains_iptm": {
        "0": {
            "0": 0.9700229167938232,
            "1": 0.9236637949943542,
            "2": 0.7419210076332092
        },
        "1": {
            "0": 0.9227303862571716,
            "1": 0.9786667227745056,
            "2": 0.7464379072189331
        },
        "2": {
            "0": 0.5200580358505249,
            "1": 0.5351514220237732,
            "2": 0.7375003695487976
        }
    }
}