{
    "confidence_score": 0.8148677945137024,
    "ptm": 0.7043163776397705,
    "iptm": 0.7357228398323059,
    "ligand_iptm": 0.0,
    "protein_iptm": 0.7357228398323059,
    "complex_plddt": 0.8346539735794067,
    "complex_iplddt": 0.8472104668617249,
    "complex_pde": 0.7140288949012756,
    "complex_ipde": 4.652339458465576,
    "chains_ptm": {
        "0": 0.978879988193512,
        "1": 0.9836897253990173,
        "2": 0.7298704385757446
    },
    "pair_chains_iptm": {
        "0": {
            "0": 0.978879988193512,
            "1": 0.9343774914741516,
            "2": 0.733944833278656
        },
        "1": {
            "0": 0.936436116695404,
            "1": 0.9836897253990173,
            "2": 0.7377001643180847
        },
        "2": {
            "0": 0.5156638026237488,
            "1": 0.5291780829429626,
            "2": 0.7298704385757446
        }
    }
}