{
    "confidence_score": 0.7820315957069397,
    "ptm": 0.8288516402244568,
    "iptm": 0.7569515705108643,
    "ligand_iptm": 0.0,
    "protein_iptm": 0.7569515705108643,
    "complex_plddt": 0.7883015871047974,
    "complex_iplddt": 0.7846112847328186,
    "complex_pde": 0.6516343355178833,
    "complex_ipde": 3.218353748321533,
    "chains_ptm": {
        "0": 0.9755597710609436,
        "1": 0.9784813523292542,
        "2": 0.8102967143058777
    },
    "pair_chains_iptm": {
        "0": {
            "0": 0.9755597710609436,
            "1": 0.9231473207473755,
            "2": 0.6435709595680237
        },
        "1": {
            "0": 0.9206008315086365,
            "1": 0.9784813523292542,
            "2": 0.6574374437332153
        },
        "2": {
            "0": 0.5535119771957397,
            "1": 0.5803685188293457,
            "2": 0.8102967143058777
        }
    }
}