{
    "confidence_score": 0.7978345155715942,
    "ptm": 0.7310932278633118,
    "iptm": 0.6424707770347595,
    "ligand_iptm": 0.0,
    "protein_iptm": 0.6424707770347595,
    "complex_plddt": 0.8366754055023193,
    "complex_iplddt": 0.8241836428642273,
    "complex_pde": 0.6065172553062439,
    "complex_ipde": 4.059512138366699,
    "chains_ptm": {
        "0": 0.9652935266494751,
        "1": 0.9760590195655823,
        "2": 0.7061982750892639
    },
    "pair_chains_iptm": {
        "0": {
            "0": 0.9652935266494751,
            "1": 0.9141466021537781,
            "2": 0.6183029413223267
        },
        "1": {
            "0": 0.9176652431488037,
            "1": 0.9760590195655823,
            "2": 0.620318591594696
        },
        "2": {
            "0": 0.43906500935554504,
            "1": 0.4540250599384308,
            "2": 0.7061982750892639
        }
    }
}