{
    "confidence_score": 0.861369252204895,
    "ptm": 0.9408115148544312,
    "iptm": 0.9538121819496155,
    "ligand_iptm": 0.0,
    "protein_iptm": 0.9538121819496155,
    "complex_plddt": 0.8382584452629089,
    "complex_iplddt": 0.8426843285560608,
    "complex_pde": 0.3437386453151703,
    "complex_ipde": 0.5165448188781738,
    "chains_ptm": {
        "0": 0.9885979890823364,
        "1": 0.9887826442718506,
        "2": 0.9498268365859985
    },
    "pair_chains_iptm": {
        "0": {
            "0": 0.9885979890823364,
            "1": 0.9638964533805847,
            "2": 0.9543324708938599
        },
        "1": {
            "0": 0.9647393822669983,
            "1": 0.9887826442718506,
            "2": 0.9544315934181213
        },
        "2": {
            "0": 0.8737715482711792,
            "1": 0.8877391219139099,
            "2": 0.9498268365859985
        }
    }
}