{
    "confidence_score": 0.8623993992805481,
    "ptm": 0.7324862480163574,
    "iptm": 0.6406827569007874,
    "ligand_iptm": 0.0,
    "protein_iptm": 0.6406827569007874,
    "complex_plddt": 0.9178285598754883,
    "complex_iplddt": 0.8884295225143433,
    "complex_pde": 0.5544784665107727,
    "complex_ipde": 4.549141883850098,
    "chains_ptm": {
        "0": 0.9850109815597534,
        "1": 0.9901983141899109,
        "2": 0.8222531080245972
    },
    "pair_chains_iptm": {
        "0": {
            "0": 0.9850109815597534,
            "1": 0.9601304531097412,
            "2": 0.5151954889297485
        },
        "1": {
            "0": 0.9623855948448181,
            "1": 0.9901983141899109,
            "2": 0.49940213561058044
        },
        "2": {
            "0": 0.419890433549881,
            "1": 0.4266616702079773,
            "2": 0.8222531080245972
        }
    }
}