{
    "confidence_score": 0.9441736340522766,
    "ptm": 0.9571514129638672,
    "iptm": 0.9410311579704285,
    "ligand_iptm": 0.0,
    "protein_iptm": 0.9410311579704285,
    "complex_plddt": 0.9449592232704163,
    "complex_iplddt": 0.924593448638916,
    "complex_pde": 0.31732386350631714,
    "complex_ipde": 0.7105614542961121,
    "chains_ptm": {
        "0": 0.9907385110855103,
        "1": 0.9915008544921875,
        "2": 0.9751604199409485
    },
    "pair_chains_iptm": {
        "0": {
            "0": 0.9907385110855103,
            "1": 0.9726938605308533,
            "2": 0.8728078007698059
        },
        "1": {
            "0": 0.9720709323883057,
            "1": 0.9915008544921875,
            "2": 0.8837014436721802
        },
        "2": {
            "0": 0.8985401391983032,
            "1": 0.9073855876922607,
            "2": 0.9751604199409485
        }
    }
}