{
    "confidence_score": 0.5873469114303589,
    "ptm": 0.39776116609573364,
    "iptm": 0.27421146631240845,
    "ligand_iptm": 0.0,
    "protein_iptm": 0.27421146631240845,
    "complex_plddt": 0.6656307578086853,
    "complex_iplddt": 0.692595899105072,
    "complex_pde": 1.7756576538085938,
    "complex_ipde": 10.726210594177246,
    "chains_ptm": {
        "0": 0.9685207009315491,
        "1": 0.9729967713356018,
        "2": 0.49242860078811646
    },
    "pair_chains_iptm": {
        "0": {
            "0": 0.9685207009315491,
            "1": 0.8496581315994263,
            "2": 0.23480837047100067
        },
        "1": {
            "0": 0.8634559512138367,
            "1": 0.9729967713356018,
            "2": 0.2169332504272461
        },
        "2": {
            "0": 0.17903612554073334,
            "1": 0.17147575318813324,
            "2": 0.49242860078811646
        }
    }
}