{
    "confidence_score": 0.5790122151374817,
    "ptm": 0.589114248752594,
    "iptm": 0.36765968799591064,
    "ligand_iptm": 0.0,
    "protein_iptm": 0.36765968799591064,
    "complex_plddt": 0.6318503618240356,
    "complex_iplddt": 0.6964157223701477,
    "complex_pde": 1.735735535621643,
    "complex_ipde": 8.435599327087402,
    "chains_ptm": {
        "0": 0.9799162745475769,
        "1": 0.978081464767456,
        "2": 0.721243143081665
    },
    "pair_chains_iptm": {
        "0": {
            "0": 0.9799162745475769,
            "1": 0.8982029557228088,
            "2": 0.3086490333080292
        },
        "1": {
            "0": 0.893814742565155,
            "1": 0.978081464767456,
            "2": 0.3050217926502228
        },
        "2": {
            "0": 0.24533748626708984,
            "1": 0.24859578907489777,
            "2": 0.721243143081665
        }
    }
}