{
    "confidence_score": 0.9094781875610352,
    "ptm": 0.9273690581321716,
    "iptm": 0.8918915390968323,
    "ligand_iptm": 0.0,
    "protein_iptm": 0.8918915390968323,
    "complex_plddt": 0.9138748645782471,
    "complex_iplddt": 0.8759667277336121,
    "complex_pde": 0.36046379804611206,
    "complex_ipde": 1.2329975366592407,
    "chains_ptm": {
        "0": 0.9901812672615051,
        "1": 0.9900991916656494,
        "2": 0.981792151927948
    },
    "pair_chains_iptm": {
        "0": {
            "0": 0.9901812672615051,
            "1": 0.9737260937690735,
            "2": 0.7906225323677063
        },
        "1": {
            "0": 0.9743414521217346,
            "1": 0.9900991916656494,
            "2": 0.7805861830711365
        },
        "2": {
            "0": 0.8076868057250977,
            "1": 0.799420952796936,
            "2": 0.981792151927948
        }
    }
}