{
    "confidence_score": 0.7381764650344849,
    "ptm": 0.642966628074646,
    "iptm": 0.518007218837738,
    "ligand_iptm": 0.0,
    "protein_iptm": 0.518007218837738,
    "complex_plddt": 0.793218731880188,
    "complex_iplddt": 0.7539840340614319,
    "complex_pde": 0.6639617681503296,
    "complex_ipde": 5.6171770095825195,
    "chains_ptm": {
        "0": 0.9750189781188965,
        "1": 0.978044331073761,
        "2": 0.7038951516151428
    },
    "pair_chains_iptm": {
        "0": {
            "0": 0.9750189781188965,
            "1": 0.9171656966209412,
            "2": 0.32879605889320374
        },
        "1": {
            "0": 0.9181169271469116,
            "1": 0.978044331073761,
            "2": 0.29399967193603516
        },
        "2": {
            "0": 0.2920427620410919,
            "1": 0.27781063318252563,
            "2": 0.7038951516151428
        }
    }
}