{
    "confidence_score": 0.6183180212974548,
    "ptm": 0.42036354541778564,
    "iptm": 0.256039559841156,
    "ligand_iptm": 0.0,
    "protein_iptm": 0.256039559841156,
    "complex_plddt": 0.7088876366615295,
    "complex_iplddt": 0.6731881499290466,
    "complex_pde": 1.858262300491333,
    "complex_ipde": 12.598734855651855,
    "chains_ptm": {
        "0": 0.9737297296524048,
        "1": 0.969994068145752,
        "2": 0.5155529379844666
    },
    "pair_chains_iptm": {
        "0": {
            "0": 0.9737297296524048,
            "1": 0.8473947644233704,
            "2": 0.16708292067050934
        },
        "1": {
            "0": 0.8486052751541138,
            "1": 0.969994068145752,
            "2": 0.155866339802742
        },
        "2": {
            "0": 0.15613692998886108,
            "1": 0.1508609801530838,
            "2": 0.5155529379844666
        }
    }
}