{
    "confidence_score": 0.8622641563415527,
    "ptm": 0.8823432922363281,
    "iptm": 0.8981432318687439,
    "ligand_iptm": 0.0,
    "protein_iptm": 0.8981432318687439,
    "complex_plddt": 0.8532944321632385,
    "complex_iplddt": 0.8597056865692139,
    "complex_pde": 0.5095729231834412,
    "complex_ipde": 1.081027865409851,
    "chains_ptm": {
        "0": 0.9798514246940613,
        "1": 0.9821114540100098,
        "2": 0.8979430198669434
    },
    "pair_chains_iptm": {
        "0": {
            "0": 0.9798514246940613,
            "1": 0.9433156251907349,
            "2": 0.9002708792686462
        },
        "1": {
            "0": 0.9432620406150818,
            "1": 0.9821114540100098,
            "2": 0.8977386355400085
        },
        "2": {
            "0": 0.7659534215927124,
            "1": 0.7862589955329895,
            "2": 0.8979430198669434
        }
    }
}