{
    "confidence_score": 0.945460319519043,
    "ptm": 0.9536618590354919,
    "iptm": 0.9359514117240906,
    "ligand_iptm": 0.0,
    "protein_iptm": 0.9359514117240906,
    "complex_plddt": 0.9478375315666199,
    "complex_iplddt": 0.9273399710655212,
    "complex_pde": 0.3217405080795288,
    "complex_ipde": 0.7835726141929626,
    "chains_ptm": {
        "0": 0.9906130433082581,
        "1": 0.9913997054100037,
        "2": 0.9759238958358765
    },
    "pair_chains_iptm": {
        "0": {
            "0": 0.9906130433082581,
            "1": 0.9730048179626465,
            "2": 0.8644797801971436
        },
        "1": {
            "0": 0.971956729888916,
            "1": 0.9913997054100037,
            "2": 0.8721465468406677
        },
        "2": {
            "0": 0.8888158202171326,
            "1": 0.8968901634216309,
            "2": 0.9759238958358765
        }
    }
}