{
    "confidence_score": 0.65731281042099,
    "ptm": 0.5275275707244873,
    "iptm": 0.43396613001823425,
    "ligand_iptm": 0.0,
    "protein_iptm": 0.43396613001823425,
    "complex_plddt": 0.7131494283676147,
    "complex_iplddt": 0.6737257242202759,
    "complex_pde": 1.7079358100891113,
    "complex_ipde": 11.524516105651855,
    "chains_ptm": {
        "0": 0.9733926653862,
        "1": 0.9705738425254822,
        "2": 0.5642910003662109
    },
    "pair_chains_iptm": {
        "0": {
            "0": 0.9733926653862,
            "1": 0.8631641864776611,
            "2": 0.45626458525657654
        },
        "1": {
            "0": 0.8679797649383545,
            "1": 0.9705738425254822,
            "2": 0.4125036597251892
        },
        "2": {
            "0": 0.27867645025253296,
            "1": 0.25682443380355835,
            "2": 0.5642910003662109
        }
    }
}