{
    "confidence_score": 0.6508075594902039,
    "ptm": 0.6041048765182495,
    "iptm": 0.36744752526283264,
    "ligand_iptm": 0.0,
    "protein_iptm": 0.36744752526283264,
    "complex_plddt": 0.7216475605964661,
    "complex_iplddt": 0.7240096926689148,
    "complex_pde": 1.3704500198364258,
    "complex_ipde": 9.306069374084473,
    "chains_ptm": {
        "0": 0.9798339605331421,
        "1": 0.9820963740348816,
        "2": 0.7767532467842102
    },
    "pair_chains_iptm": {
        "0": {
            "0": 0.9798339605331421,
            "1": 0.9140040874481201,
            "2": 0.26174062490463257
        },
        "1": {
            "0": 0.9200307130813599,
            "1": 0.9820963740348816,
            "2": 0.2577016055583954
        },
        "2": {
            "0": 0.23255828022956848,
            "1": 0.23097951710224152,
            "2": 0.7767532467842102
        }
    }
}