{
    "confidence_score": 0.8027806282043457,
    "ptm": 0.7423177361488342,
    "iptm": 0.6716570258140564,
    "ligand_iptm": 0.0,
    "protein_iptm": 0.6716570258140564,
    "complex_plddt": 0.8355615139007568,
    "complex_iplddt": 0.8204037547111511,
    "complex_pde": 0.5646743178367615,
    "complex_ipde": 3.630359411239624,
    "chains_ptm": {
        "0": 0.9691874384880066,
        "1": 0.9788985848426819,
        "2": 0.719372570514679
    },
    "pair_chains_iptm": {
        "0": {
            "0": 0.9691874384880066,
            "1": 0.9181548357009888,
            "2": 0.6696433424949646
        },
        "1": {
            "0": 0.9198169112205505,
            "1": 0.9788985848426819,
            "2": 0.6739366054534912
        },
        "2": {
            "0": 0.46245959401130676,
            "1": 0.4753926396369934,
            "2": 0.719372570514679
        }
    }
}