{
    "confidence_score": 0.8004929423332214,
    "ptm": 0.7552580237388611,
    "iptm": 0.6761978268623352,
    "ligand_iptm": 0.0,
    "protein_iptm": 0.6761978268623352,
    "complex_plddt": 0.8315666913986206,
    "complex_iplddt": 0.8125299215316772,
    "complex_pde": 0.5340898633003235,
    "complex_ipde": 3.4145753383636475,
    "chains_ptm": {
        "0": 0.9730302095413208,
        "1": 0.9817324280738831,
        "2": 0.7250171303749084
    },
    "pair_chains_iptm": {
        "0": {
            "0": 0.9730302095413208,
            "1": 0.9287477731704712,
            "2": 0.6713074445724487
        },
        "1": {
            "0": 0.9380497336387634,
            "1": 0.9817324280738831,
            "2": 0.6817341446876526
        },
        "2": {
            "0": 0.4799633026123047,
            "1": 0.4961535632610321,
            "2": 0.7250171303749084
        }
    }
}