{
    "confidence_score": 0.8621886372566223,
    "ptm": 0.7735613584518433,
    "iptm": 0.6728519797325134,
    "ligand_iptm": 0.0,
    "protein_iptm": 0.6728519797325134,
    "complex_plddt": 0.9095227718353271,
    "complex_iplddt": 0.8896990418434143,
    "complex_pde": 0.7594690322875977,
    "complex_ipde": 5.313826560974121,
    "chains_ptm": {
        "0": 0.9876536726951599,
        "1": 0.9901392459869385,
        "2": 0.8871136903762817
    },
    "pair_chains_iptm": {
        "0": {
            "0": 0.9876536726951599,
            "1": 0.9644852876663208,
            "2": 0.4602092206478119
        },
        "1": {
            "0": 0.9627156853675842,
            "1": 0.9901392459869385,
            "2": 0.4630330204963684
        },
        "2": {
            "0": 0.36857476830482483,
            "1": 0.3689863681793213,
            "2": 0.8871136903762817
        }
    }
}