{
    "confidence_score": 0.6047543287277222,
    "ptm": 0.44387662410736084,
    "iptm": 0.24358783662319183,
    "ligand_iptm": 0.0,
    "protein_iptm": 0.24358783662319183,
    "complex_plddt": 0.6950459480285645,
    "complex_iplddt": 0.7250437140464783,
    "complex_pde": 1.6887083053588867,
    "complex_ipde": 11.776034355163574,
    "chains_ptm": {
        "0": 0.9685814380645752,
        "1": 0.96880704164505,
        "2": 0.5563927888870239
    },
    "pair_chains_iptm": {
        "0": {
            "0": 0.9685814380645752,
            "1": 0.840859591960907,
            "2": 0.16181327402591705
        },
        "1": {
            "0": 0.8438552021980286,
            "1": 0.96880704164505,
            "2": 0.14470309019088745
        },
        "2": {
            "0": 0.1452060490846634,
            "1": 0.14128458499908447,
            "2": 0.5563927888870239
        }
    }
}