{
    "confidence_score": 0.7764776349067688,
    "ptm": 0.7721925377845764,
    "iptm": 0.6768631339073181,
    "ligand_iptm": 0.0,
    "protein_iptm": 0.6768631339073181,
    "complex_plddt": 0.8013812303543091,
    "complex_iplddt": 0.7866712212562561,
    "complex_pde": 0.7817134857177734,
    "complex_ipde": 4.654084205627441,
    "chains_ptm": {
        "0": 0.9653868675231934,
        "1": 0.9705804586410522,
        "2": 0.8066611289978027
    },
    "pair_chains_iptm": {
        "0": {
            "0": 0.9653868675231934,
            "1": 0.8941473960876465,
            "2": 0.4655320942401886
        },
        "1": {
            "0": 0.8908300995826721,
            "1": 0.9705804586410522,
            "2": 0.48968443274497986
        },
        "2": {
            "0": 0.4209659695625305,
            "1": 0.4502112865447998,
            "2": 0.8066611289978027
        }
    }
}