{
    "confidence_score": 0.7796913981437683,
    "ptm": 0.6641809940338135,
    "iptm": 0.39059770107269287,
    "ligand_iptm": 0.0,
    "protein_iptm": 0.39059770107269287,
    "complex_plddt": 0.8769648671150208,
    "complex_iplddt": 0.8469679951667786,
    "complex_pde": 0.7851446866989136,
    "complex_ipde": 9.121370315551758,
    "chains_ptm": {
        "0": 0.9854665994644165,
        "1": 0.988969624042511,
        "2": 0.8764341473579407
    },
    "pair_chains_iptm": {
        "0": {
            "0": 0.9854665994644165,
            "1": 0.9442560076713562,
            "2": 0.26482003927230835
        },
        "1": {
            "0": 0.9439342021942139,
            "1": 0.988969624042511,
            "2": 0.2708252966403961
        },
        "2": {
            "0": 0.25011882185935974,
            "1": 0.26043251156806946,
            "2": 0.8764341473579407
        }
    }
}