{
    "confidence_score": 0.6112497448921204,
    "ptm": 0.6237018704414368,
    "iptm": 0.38983017206192017,
    "ligand_iptm": 0.0,
    "protein_iptm": 0.38983017206192017,
    "complex_plddt": 0.6666046380996704,
    "complex_iplddt": 0.7190231680870056,
    "complex_pde": 1.6687597036361694,
    "complex_ipde": 8.213312149047852,
    "chains_ptm": {
        "0": 0.9770917892456055,
        "1": 0.9751935601234436,
        "2": 0.7506646513938904
    },
    "pair_chains_iptm": {
        "0": {
            "0": 0.9770917892456055,
            "1": 0.9023942351341248,
            "2": 0.3547898530960083
        },
        "1": {
            "0": 0.9071030020713806,
            "1": 0.9751935601234436,
            "2": 0.3792320787906647
        },
        "2": {
            "0": 0.265089213848114,
            "1": 0.27372032403945923,
            "2": 0.7506646513938904
        }
    }
}