{
    "confidence_score": 0.8099603056907654,
    "ptm": 0.9008100032806396,
    "iptm": 0.8568823933601379,
    "ligand_iptm": 0.0,
    "protein_iptm": 0.8568823933601379,
    "complex_plddt": 0.7982296943664551,
    "complex_iplddt": 0.7348731756210327,
    "complex_pde": 0.4025164544582367,
    "complex_ipde": 1.340855360031128,
    "chains_ptm": {
        "0": 0.9785832762718201,
        "1": 0.9779552817344666,
        "2": 0.9624186754226685
    },
    "pair_chains_iptm": {
        "0": {
            "0": 0.9785832762718201,
            "1": 0.9416173100471497,
            "2": 0.7486401796340942
        },
        "1": {
            "0": 0.9442710280418396,
            "1": 0.9779552817344666,
            "2": 0.7256405353546143
        },
        "2": {
            "0": 0.766196072101593,
            "1": 0.7529178857803345,
            "2": 0.9624186754226685
        }
    }
}