{
    "confidence_score": 0.9399097561836243,
    "ptm": 0.9388938546180725,
    "iptm": 0.9433726072311401,
    "ligand_iptm": 0.0,
    "protein_iptm": 0.9433726072311401,
    "complex_plddt": 0.9390439987182617,
    "complex_iplddt": 0.9509744644165039,
    "complex_pde": 0.3673640787601471,
    "complex_ipde": 0.5175936222076416,
    "chains_ptm": {
        "0": 0.9916298389434814,
        "1": 0.9903951287269592,
        "2": 0.9444561004638672
    },
    "pair_chains_iptm": {
        "0": {
            "0": 0.9916298389434814,
            "1": 0.9737659096717834,
            "2": 0.9413443803787231
        },
        "1": {
            "0": 0.9718378186225891,
            "1": 0.9903951287269592,
            "2": 0.9463692307472229
        },
        "2": {
            "0": 0.8680744767189026,
            "1": 0.8902304172515869,
            "2": 0.9444561004638672
        }
    }
}