{
    "confidence_score": 0.5990749597549438,
    "ptm": 0.5614018440246582,
    "iptm": 0.33233407139778137,
    "ligand_iptm": 0.0,
    "protein_iptm": 0.33233407139778137,
    "complex_plddt": 0.6657601594924927,
    "complex_iplddt": 0.7104503512382507,
    "complex_pde": 1.9403523206710815,
    "complex_ipde": 9.455491065979004,
    "chains_ptm": {
        "0": 0.9724931120872498,
        "1": 0.971867561340332,
        "2": 0.7056037783622742
    },
    "pair_chains_iptm": {
        "0": {
            "0": 0.9724931120872498,
            "1": 0.8869122266769409,
            "2": 0.2441767156124115
        },
        "1": {
            "0": 0.8946499824523926,
            "1": 0.971867561340332,
            "2": 0.2640261650085449
        },
        "2": {
            "0": 0.20440174639225006,
            "1": 0.20652464032173157,
            "2": 0.7056037783622742
        }
    }
}