{
    "confidence_score": 0.7443334460258484,
    "ptm": 0.6025088429450989,
    "iptm": 0.47557082772254944,
    "ligand_iptm": 0.0,
    "protein_iptm": 0.47557082772254944,
    "complex_plddt": 0.8115240931510925,
    "complex_iplddt": 0.7911967635154724,
    "complex_pde": 0.6986872553825378,
    "complex_ipde": 6.210614204406738,
    "chains_ptm": {
        "0": 0.9746558666229248,
        "1": 0.9762046933174133,
        "2": 0.7378045916557312
    },
    "pair_chains_iptm": {
        "0": {
            "0": 0.9746558666229248,
            "1": 0.9131050109863281,
            "2": 0.2055809646844864
        },
        "1": {
            "0": 0.9162186980247498,
            "1": 0.9762046933174133,
            "2": 0.22270779311656952
        },
        "2": {
            "0": 0.20423883199691772,
            "1": 0.2099250853061676,
            "2": 0.7378045916557312
        }
    }
}