{
    "confidence_score": 0.8854288458824158,
    "ptm": 0.8946107029914856,
    "iptm": 0.8532090187072754,
    "ligand_iptm": 0.0,
    "protein_iptm": 0.8532090187072754,
    "complex_plddt": 0.8934836983680725,
    "complex_iplddt": 0.8829289674758911,
    "complex_pde": 0.4396439492702484,
    "complex_ipde": 1.2038284540176392,
    "chains_ptm": {
        "0": 0.9697595834732056,
        "1": 0.9698932766914368,
        "2": 0.9458270072937012
    },
    "pair_chains_iptm": {
        "0": {
            "0": 0.9697595834732056,
            "1": 0.9143540263175964,
            "2": 0.7897615432739258
        },
        "1": {
            "0": 0.9179607629776001,
            "1": 0.9698932766914368,
            "2": 0.7808278799057007
        },
        "2": {
            "0": 0.7896454930305481,
            "1": 0.7825150489807129,
            "2": 0.9458270072937012
        }
    }
}