{
    "confidence_score": 0.7876038551330566,
    "ptm": 0.7029238343238831,
    "iptm": 0.6040788888931274,
    "ligand_iptm": 0.0,
    "protein_iptm": 0.6040788888931274,
    "complex_plddt": 0.8334850668907166,
    "complex_iplddt": 0.8087643384933472,
    "complex_pde": 0.6430452466011047,
    "complex_ipde": 4.828388690948486,
    "chains_ptm": {
        "0": 0.9659110307693481,
        "1": 0.9761460423469543,
        "2": 0.7222170829772949
    },
    "pair_chains_iptm": {
        "0": {
            "0": 0.9659110307693481,
            "1": 0.9113712906837463,
            "2": 0.5459126234054565
        },
        "1": {
            "0": 0.9101181626319885,
            "1": 0.9761460423469543,
            "2": 0.5457190275192261
        },
        "2": {
            "0": 0.3828093707561493,
            "1": 0.3909280300140381,
            "2": 0.7222170829772949
        }
    }
}