{
    "confidence_score": 0.7932448387145996,
    "ptm": 0.8808445334434509,
    "iptm": 0.8318842649459839,
    "ligand_iptm": 0.0,
    "protein_iptm": 0.8318842649459839,
    "complex_plddt": 0.7835850119590759,
    "complex_iplddt": 0.7331885099411011,
    "complex_pde": 0.467855840921402,
    "complex_ipde": 2.072859048843384,
    "chains_ptm": {
        "0": 0.9791250824928284,
        "1": 0.9827347993850708,
        "2": 0.9082971215248108
    },
    "pair_chains_iptm": {
        "0": {
            "0": 0.9791250824928284,
            "1": 0.9385746121406555,
            "2": 0.7880746722221375
        },
        "1": {
            "0": 0.9379830360412598,
            "1": 0.9827347993850708,
            "2": 0.7881579399108887
        },
        "2": {
            "0": 0.7146870493888855,
            "1": 0.7185258269309998,
            "2": 0.9082971215248108
        }
    }
}