{
    "confidence_score": 0.8832573890686035,
    "ptm": 0.9114983677864075,
    "iptm": 0.8766927719116211,
    "ligand_iptm": 0.0,
    "protein_iptm": 0.8766927719116211,
    "complex_plddt": 0.8848985433578491,
    "complex_iplddt": 0.8769621849060059,
    "complex_pde": 0.4044969379901886,
    "complex_ipde": 0.9969267249107361,
    "chains_ptm": {
        "0": 0.9746747016906738,
        "1": 0.9753055572509766,
        "2": 0.9536973237991333
    },
    "pair_chains_iptm": {
        "0": {
            "0": 0.9746747016906738,
            "1": 0.927017092704773,
            "2": 0.8280186057090759
        },
        "1": {
            "0": 0.9291535019874573,
            "1": 0.9753055572509766,
            "2": 0.8199551701545715
        },
        "2": {
            "0": 0.8251945376396179,
            "1": 0.8213596343994141,
            "2": 0.9536973237991333
        }
    }
}