{
    "confidence_score": 0.6211351752281189,
    "ptm": 0.46794360876083374,
    "iptm": 0.2650598883628845,
    "ligand_iptm": 0.0,
    "protein_iptm": 0.2650598883628845,
    "complex_plddt": 0.7101539969444275,
    "complex_iplddt": 0.6979572772979736,
    "complex_pde": 1.6366475820541382,
    "complex_ipde": 11.628157615661621,
    "chains_ptm": {
        "0": 0.9784824252128601,
        "1": 0.9756804704666138,
        "2": 0.5845563411712646
    },
    "pair_chains_iptm": {
        "0": {
            "0": 0.9784824252128601,
            "1": 0.8788373470306396,
            "2": 0.19831222295761108
        },
        "1": {
            "0": 0.8809328079223633,
            "1": 0.9756804704666138,
            "2": 0.17960050702095032
        },
        "2": {
            "0": 0.1601831465959549,
            "1": 0.15685772895812988,
            "2": 0.5845563411712646
        }
    }
}