{
    "confidence_score": 0.8908205032348633,
    "ptm": 0.7507394552230835,
    "iptm": 0.6742328405380249,
    "ligand_iptm": 0.0,
    "protein_iptm": 0.6742328405380249,
    "complex_plddt": 0.9449673891067505,
    "complex_iplddt": 0.9464915990829468,
    "complex_pde": 0.45048046112060547,
    "complex_ipde": 2.6727120876312256,
    "chains_ptm": {
        "0": 0.9878462553024292,
        "1": 0.9885011911392212,
        "2": 0.8287975788116455
    },
    "pair_chains_iptm": {
        "0": {
            "0": 0.9878462553024292,
            "1": 0.9619362950325012,
            "2": 0.6634358167648315
        },
        "1": {
            "0": 0.9626114964485168,
            "1": 0.9885011911392212,
            "2": 0.686423122882843
        },
        "2": {
            "0": 0.5055487751960754,
            "1": 0.4997425377368927,
            "2": 0.8287975788116455
        }
    }
}